{"type":"FeatureCollection","features":[{"type":"Feature","geometry":{"type":"Polygon","coordinates":[[[-73.065772000382466,42.389111000200351],[-73.068508000141591,42.380719999865782],[-73.064287999702756,42.339731999972102],[-73.062885999937151,42.328950999800895],[-73.056765999790315,42.325944999928751],[-73.052655999854636,42.324288999942588],[-73.049016000272246,42.321417999755361],[-73.046674999624997,42.320744999689914],[-73.045445000286819,42.319396000278189],[-73.040752000019964,42.32018299976616],[-73.039628999913603,42.318631000055909],[-73.038954000419238,42.314955000190785],[-73.036127000423477,42.313561999725714],[-73.034163000243069,42.312120000014261],[-73.031281999820635,42.309301999733705],[-73.029398000006182,42.308568000081166],[-73.026140999840123,42.308014000310699],[-73.025069999612299,42.309092999811782],[-73.022072999737219,42.30950500013784],[-73.020146000265072,42.308259000140175],[-73.018240999635907,42.309004999811883],[-73.016858000136864,42.311088999953682],[-73.014329999891856,42.309036999765731],[-73.012742000353413,42.306767000183882],[-73.010249000268487,42.304681999911359],[-73.006611000335923,42.304793999729689],[-73.005354000335274,42.305199999726064],[-73.005808999721623,42.306471000112197],[-73.003714000019983,42.307729000271877],[-73.003329999880407,42.309784999781328],[-73.002193000428676,42.310239000157786],[-73.001908999848226,42.311785000301661],[-73.000277999753763,42.312596999837659],[-72.953824999806031,42.343859999943902],[-72.953271999612085,42.343830000280938],[-72.895637999902959,42.34070199989403],[-72.894787999608084,42.331491000279868],[-72.88520799980391,42.332611999977097],[-72.880601999575674,42.265382000315903],[-72.881183000257039,42.264903999973271],[-72.894565999850215,42.253812000287851],[-72.912301999951652,42.239132999895006],[-72.872180000037957,42.216439000047806],[-72.868470000135346,42.223656999935749],[-72.864279000008835,42.2322660001483],[-72.857634000155443,42.240479999758165],[-72.856670999882667,42.240579000294922],[-72.81342200039758,42.245003999781929],[-72.812576000300652,42.234954000292284],[-72.793414000144168,42.236853999905996],[-72.793291999945424,42.235274000158384],[-72.7919870002642,42.217301999836614],[-72.782111000184017,42.217270999797108],[-72.781039000131287,42.199748999720562],[-72.766555999997976,42.197234999976963],[-72.72609599997547,42.190206999981662],[-72.703391000320977,42.18627900012762],[-72.686861000166587,42.183389999705746],[-72.686245000223437,42.188828999700277],[-72.690514999992672,42.213075999772315],[-72.670033000086363,42.216504000111065],[-72.667770000155215,42.225455999931661],[-72.656535999792027,42.227739000171894],[-72.651841999700281,42.237639000174802],[-72.634585000172962,42.273942999704531],[-72.613138000344023,42.286264999702382],[-72.612006999841753,42.285572999742513],[-72.609948000125101,42.285224000330828],[-72.60523200029202,42.284463000311966],[-72.601209000395002,42.281258999703724],[-72.600375999818553,42.277393000045848],[-72.599364000040268,42.27533600002559],[-72.598815999869188,42.26990200018691],[-72.599173000244562,42.267380999993136],[-72.600231999878488,42.265384999835156],[-72.607780999555118,42.260579999870416],[-72.611554999930135,42.256913000113499],[-72.615070999663985,42.252014000025163],[-72.618008999987794,42.248368999974822],[-72.62134200032186,42.241819999965387],[-72.624032000050263,42.235358999787728],[-72.623656000306624,42.231656000151347],[-72.623190999976202,42.230911000123697],[-72.622462999880057,42.230210999888413],[-72.615126999740468,42.22681000019432],[-72.613564000316387,42.225582000166561],[-72.61163299974794,42.222771999829085],[-72.610749000016185,42.219419999783987],[-72.607926000218399,42.216230000107402],[-72.603802999863916,42.213867000295693],[-72.596166000323748,42.211785999971617],[-72.593448000107955,42.211557000052437],[-72.572202000120456,42.213804000163755],[-72.546355999752549,42.216489000204774],[-72.541264000175829,42.216986999713953],[-72.524289999607419,42.218733999989794],[-72.498061999648073,42.221633999919703],[-72.478334999602069,42.223810999772574],[-72.447119999647981,42.227254000105553],[-72.403947000330859,42.231847000216284],[-72.402922000133813,42.226275999751351],[-72.395478000039176,42.185737000274912],[-72.360765999719533,42.189522000109868],[-72.358219000106246,42.189801999720473],[-72.360158999997211,42.190144999916008],[-72.36166700006801,42.193484999786079],[-72.361275000430851,42.194629000208081],[-72.359384000045395,42.194250999823964],[-72.359859000421537,42.196320999824827],[-72.360999000246352,42.19725700024442],[-72.36352900014117,42.197018000316938],[-72.363853000006273,42.197954999973042],[-72.362646000234335,42.198522000077453],[-72.36347700026262,42.202039999831264],[-72.364602999843726,42.203149000145693],[-72.364978999587365,42.206692999861474],[-72.364667000316132,42.20726000007415],[-72.361990999933127,42.207327999887013],[-72.363292000314715,42.206029000102241],[-72.361477000097224,42.205424000083646],[-72.359038000438986,42.206511999963652],[-72.357337999849221,42.209003000330448],[-72.35501800001667,42.208853999996855],[-72.353714000160352,42.207015000121977],[-72.3523230002654,42.207014000022482],[-72.35036900013074,42.208526000006799],[-72.349304999575608,42.210214999977083],[-72.347393999996982,42.21014000026058],[-72.346547000075162,42.21078700004886],[-72.345540000319758,42.213161000017642],[-72.346193000072816,42.215977999982094],[-72.343207000068418,42.218649999842285],[-72.341679999731014,42.219231999757412],[-72.336320000365689,42.219545000189008],[-72.335968000013196,42.220158999697802],[-72.294492999839377,42.231433000058075],[-72.28129500019412,42.235020000239544],[-72.27766999978202,42.233102999963045],[-72.273771999558448,42.235846999693123],[-72.271439000205419,42.236367999740828],[-72.270547999902675,42.237126000286274],[-72.268231000443166,42.229310999677153],[-72.257613999848047,42.229874000100864],[-72.249754999651714,42.239017000024987],[-72.247013000044774,42.242093999974443],[-72.221217999730484,42.245251999791094],[-72.218067999694526,42.248605000116591],[-72.214820999574201,42.249041000186189],[-72.214583999747731,42.2475709999432],[-72.210459999568357,42.247205000041866],[-72.211078999884563,42.251261999845752],[-72.211100999625884,42.255677000102033],[-72.216090999993654,42.256196999986138],[-72.216513999592962,42.25964800020509],[-72.217569999752158,42.268198000091083],[-72.217649000293193,42.270172000140796],[-72.212778999576017,42.269805000007295],[-72.212042999982259,42.282651999808991],[-72.207108999690973,42.285245999846218],[-72.203957000005218,42.288877999681823],[-72.203280999787594,42.29118200022873],[-72.210797999677169,42.294478999912656],[-72.213972999827476,42.294257000018639],[-72.216744999571631,42.294055999717976],[-72.216261999697892,42.29930700019117],[-72.212775000276366,42.301514000071613],[-72.212227999930178,42.30256499977726],[-72.213067000354414,42.303808999742159],[-72.212852000269251,42.307566000168514],[-72.212144000264587,42.310217999864335],[-72.210795000202424,42.311380000033203],[-72.232934999967398,42.307875000189547],[-72.244543000424386,42.306033000204287],[-72.261544999683579,42.303330999859533],[-72.261922000150435,42.305258000271088],[-72.268653000217554,42.303523999933475],[-72.274638999571778,42.301963000019512],[-72.280003000033361,42.329091000019531],[-72.277078999953233,42.329405000050301],[-72.278490999764585,42.336465000177043],[-72.281382000232753,42.33612699978292],[-72.284230999969822,42.352010000238373],[-72.288559000363691,42.352078000032861],[-72.288734000265876,42.352023999987289],[-72.291332999757685,42.351736000067348],[-72.295389000165017,42.350568999919922],[-72.296708999914856,42.349369000172601],[-72.298744000240362,42.349321999966342],[-72.301397000158843,42.348228999907157],[-72.303752999976396,42.345757000217624],[-72.306143000129154,42.346127000317722],[-72.306804000278149,42.344282000192365],[-72.308787999651727,42.344891000176787],[-72.309408999617744,42.343761000271499],[-72.312176000237358,42.342801999728785],[-72.314253000395667,42.343687999823032],[-72.314923999692084,42.342644999820962],[-72.315055000111656,42.339410999754953],[-72.317631000037238,42.339625999849964],[-72.32316500037814,42.333522999728281],[-72.322724000337175,42.331039000064393],[-72.324865000069579,42.330819999977514],[-72.326054000298171,42.328477999750866],[-72.324673000448968,42.326765999817923],[-72.326214000131742,42.325158000118847],[-72.326762000302836,42.326813999811563],[-72.328219000320018,42.325247999886834],[-72.327399999987293,42.323476999832444],[-72.327223000435282,42.320467000241557],[-72.328333000122853,42.318558000325673],[-72.329118000120388,42.31968699980942],[-72.332301999593199,42.319408999671943],[-72.334715000210494,42.317617999846142],[-72.335245999764822,42.315142000218671],[-72.337705000412868,42.31453900010731],[-72.342090999634749,42.314331000030862],[-72.343597000055766,42.31188699978626],[-72.345889000299209,42.309968999836876],[-72.348656000020497,42.309175999978279],[-72.350159000068459,42.310312000237552],[-72.351458999726816,42.309993000266566],[-72.349888999731718,42.308042999957927],[-72.352278000059556,42.307938000072213],[-72.350658999660666,42.30738999976235],[-72.349555999645773,42.306030999821544],[-72.350373000328702,42.304168000040512],[-72.351688999880594,42.30426200014692],[-72.351891000445278,42.306412000167199],[-72.354209999554584,42.305683999887599],[-72.356018000099397,42.303282999890399],[-72.360369999884398,42.307790999805079],[-72.360477999839432,42.308699999954754],[-72.358731000292323,42.308822000074947],[-72.359031999692888,42.309757000072317],[-72.357327999803474,42.310389999847054],[-72.356157000016552,42.314374000249913],[-72.354556000059318,42.316048999763147],[-72.355227000254061,42.318198000062793],[-72.353001999957741,42.321251999719131],[-72.354301999616098,42.323682999745017],[-72.351178000417733,42.324883999811284],[-72.353593999611434,42.327691999930174],[-72.351128000189021,42.329562999959478],[-72.352531999604452,42.331135000135028],[-72.352524000106854,42.332438000091734],[-72.351199000334134,42.33441700033049],[-72.352883999956958,42.338173999707834],[-72.354060999591667,42.340084999979993],[-72.35539600030846,42.340677999888939],[-72.355029999712229,42.342715000331566],[-72.356563999722326,42.343233999760749],[-72.359375999649473,42.345565999981233],[-72.35802800031054,42.347912000010858],[-72.35840599970399,42.349928999940197],[-72.356448000269694,42.350666999679675],[-72.35794700011968,42.353094000305973],[-72.35719300008428,42.354299999833941],[-72.358968999943698,42.355639000166541],[-72.358985999662139,42.356694999979453],[-72.357240999764855,42.359696000019007],[-72.35925799964869,42.363914000156157],[-72.35732100013081,42.365009000077393],[-72.356365000429008,42.366507000106992],[-72.358033000333407,42.366796999812173],[-72.360764999894613,42.368775000209851],[-72.360816999773135,42.371213000017292],[-72.362765000060023,42.372040999838056],[-72.363989000448697,42.373636999857808],[-72.363723000309932,42.376443000067894],[-72.364190000290179,42.378816000289376],[-72.366141000051769,42.378238999816702],[-72.366659000085633,42.380855000283475],[-72.365807000140919,42.381746000007361],[-72.363724000134852,42.381820000026458],[-72.365837000278162,42.382945999886537],[-72.366829999789857,42.385352999987525],[-72.363813999648215,42.386671999953094],[-72.364269999757781,42.388130000304649],[-72.365963999601448,42.388761999690082],[-72.365496999621215,42.390633000129419],[-72.366699000268611,42.391123999933349],[-72.367717999719559,42.394068000126467],[-72.367125000240947,42.39458300025386],[-72.368824999932386,42.396441000274578],[-72.367911000063401,42.397537000031569],[-72.369363999882651,42.40028299970988],[-72.367994999729007,42.402660000255636],[-72.366576000244933,42.403506000065811],[-72.369968999955134,42.408032000158862],[-72.37141099990373,42.408615000045721],[-72.369917000076597,42.410740999984512],[-72.373534999917695,42.41339199995592],[-72.371966999572408,42.415969999932166],[-72.375376999899359,42.419009000026549],[-72.375022000072121,42.420818999767377],[-72.48369599969061,42.40748099976787],[-72.483976000073099,42.408714999892631],[-72.489891000180506,42.43381600001149],[-72.530967999971068,42.428853000276327],[-72.540491999698759,42.427628999679328],[-72.544199000126611,42.427150000150561],[-72.575917000045933,42.423255999794435],[-72.581103000232304,42.422578999894377],[-72.581143000415281,42.42258099988527],[-72.585584999713646,42.423144000086396],[-72.622314999742059,42.415107999913772],[-72.629085000167223,42.414310999672409],[-72.669137999585629,42.40971100006648],[-72.704392000228594,42.405550000080225],[-72.704244000090597,42.40748099976787],[-72.700877000319664,42.452920000191874],[-72.757757999818296,42.445883000319952],[-72.757110000088105,42.452412999964302],[-72.76593699968177,42.451681000113801],[-72.76511400004938,42.455884000299619],[-72.759111000078434,42.45649399982031],[-72.758286999722799,42.46092600017505],[-72.764299999739521,42.460156000188782],[-72.763791999751419,42.463665000239331],[-72.773600999884437,42.465540000205564],[-72.773328999897871,42.466782000287566],[-72.809898000267808,42.473204999740418],[-72.831494000059649,42.476997999711237],[-72.831566000029682,42.476376000281732],[-72.855633000165128,42.480919999704177],[-72.871135999574321,42.484040999780888],[-72.875155000171702,42.507249000140007],[-72.870319999614637,42.525149999837218],[-72.875460999595148,42.525897000110717],[-72.876658000219678,42.531733000320102],[-72.876849000015383,42.541197000175295],[-72.975408999902328,42.556037000089106],[-72.979035999964239,42.541617000231483],[-72.968583000298963,42.540012000316715],[-72.979283999661362,42.497857000328914],[-72.986473000386184,42.466705999852834],[-72.988126000221968,42.466947000233738],[-72.992642999863421,42.449094000302132],[-73.009085000154258,42.387734000306963],[-73.011682999821161,42.379683000039286],[-73.065772000382466,42.389111000200351]]]},"properties":{"NAME":"Hampshire County","GEOID":"25015","BASENAME":"Hampshire"}},{"type":"Feature","geometry":{"type":"MultiPolygon","coordinates":[[[[-71.190904000064478,42.283248000079418],[-71.191247000196157,42.282992000145505],[-71.190752999553425,42.281840000198407],[-71.188211999787924,42.280437999690101],[-71.185989999864674,42.279770999795154],[-71.185306999974372,42.279496999961644],[-71.183158999670965,42.275912999944978],[-71.177461000196828,42.276867999881034],[-71.174972000309879,42.276004000008712],[-71.174564999705794,42.275576000325053],[-71.174418000291013,42.275041999809027],[-71.174846999738094,42.273729000206934],[-71.173583000064752,42.271415000065275],[-71.173342000040321,42.270849000122055],[-71.172952999877893,42.270298000166662],[-71.174609000086718,42.268372999888896],[-71.174153999802058,42.267021000255554],[-71.17154100006654,42.266142000268879],[-71.168603999567608,42.263160000089599],[-71.167392999597709,42.262197000084889],[-71.163393000165215,42.259022999863134],[-71.161573999749763,42.257545999805487],[-71.158584000445714,42.255154999915817],[-71.155958000291406,42.256484999785201],[-71.152117999794157,42.258246999951609],[-71.150386000315649,42.257460000180416],[-71.146642000077875,42.25575500022503],[-71.146305999618903,42.253933000324487],[-71.146127000417067,42.252964000143784],[-71.144068999627024,42.242818999712519],[-71.143497999889718,42.24006500012397],[-71.142681000105128,42.235998000135524],[-71.139240999640947,42.233659999759873],[-71.136664999715364,42.23191000030593],[-71.130771000422641,42.22792599971239],[-71.130748999783037,42.227910999858594],[-71.127419999646932,42.231176000163515],[-71.125477000281236,42.231881999904296],[-71.124586999803412,42.234011999690225],[-71.122601999706617,42.234515000317948],[-71.126376999906512,42.239161999995453],[-71.125669999726782,42.239526999753316],[-71.116529000313747,42.244273999674228],[-71.114562999585203,42.24528400021466],[-71.112056999979828,42.246585000094861],[-71.109347000159929,42.24798999987771],[-71.109465000160711,42.252409999992572],[-71.109543999803421,42.255411999892722],[-71.112391999715584,42.258115999999447],[-71.11300900038195,42.258689000197862],[-71.113259999553804,42.25892600023024],[-71.111460000303254,42.260769000317509],[-71.108404999803554,42.261115999730251],[-71.105001000222714,42.260803999919517],[-71.104062000239367,42.259862000303706],[-71.103672000252033,42.259723000281923],[-71.097899000434836,42.262882000319166],[-71.097482999609909,42.263089000281553],[-71.093908000324845,42.267139999919841],[-71.093735999897405,42.26713600000739],[-71.090257999798396,42.266638999770549],[-71.089403000378951,42.269689999806495],[-71.082761000000318,42.268634000321917],[-71.080852000071502,42.269321999748378],[-71.076491999890564,42.270509000073211],[-71.075245999760568,42.270299999690209],[-71.073264000036801,42.270317000291151],[-71.072043999846088,42.270817000039216],[-71.068139999774729,42.270999999878192],[-71.067815000084721,42.271396000271757],[-71.065096999868899,42.270659000223063],[-71.064695000186006,42.26860700005215],[-71.062188999682292,42.267159000331496],[-71.053835999741551,42.271698999864697],[-71.053494000333103,42.272457999709971],[-71.055574999791048,42.275051999997196],[-71.053284000270821,42.277502000271099],[-71.049801999973852,42.278100000012245],[-71.04488000027645,42.276265999750464],[-71.042782000201754,42.277101999746563],[-71.041593999798067,42.278098000071431],[-71.040494000156244,42.281898000327722],[-71.039293000232092,42.283798999798826],[-71.039079999796755,42.283965999795896],[-71.038127122638912,42.28471504730949],[-71.039305999752571,42.285494999957976],[-71.037974000307159,42.288674999887995],[-71.039879999862919,42.292454999994128],[-71.043696999895644,42.292898999742292],[-71.04373215815923,42.292958275490598],[-71.046785999832196,42.29810699966913],[-71.045971080545812,42.29931248306093],[-71.044495000311969,42.301495999983317],[-71.047616000035603,42.303377999890706],[-71.047439347233308,42.303746977684554],[-71.044831999697564,42.309193000054904],[-71.042490000123706,42.309744999813596],[-71.042347586608457,42.31153481206141],[-71.042335000313003,42.31169299967393],[-71.040961000136491,42.31215199971308],[-71.037903999986966,42.310434999679998],[-71.036893000033601,42.310512999801354],[-71.032777000250135,42.313471999848929],[-71.033098999567102,42.316116000224596],[-71.040029806512962,42.319653241116555],[-71.046726001354386,42.323070745120027],[-71.047426000064803,42.323427999702368],[-71.047647999822672,42.328086999753758],[-71.042332999764866,42.33014200016877],[-71.034703999722296,42.32876199997451],[-71.024150999599598,42.333158999721626],[-71.01566399976457,42.330517999989766],[-71.01017700017762,42.337557000220933],[-71.010926000190167,42.339656000190772],[-71.010948294578895,42.339671198560794],[-71.013894999577829,42.341679999778698],[-71.033966286142999,42.350048926450114],[-71.048283274018544,42.356018539762438],[-71.04967300010243,42.356598000044684],[-71.049895643054029,42.359763841480671],[-71.050200365073124,42.364096783891981],[-71.050210217795168,42.364236872461937],[-71.050352119270698,42.366254622176491],[-71.050479999841286,42.368072999999782],[-71.052248000203093,42.369200999836622],[-71.052619407759011,42.370696999802242],[-71.052642000388389,42.370788000256056],[-71.050597999842068,42.372871999734741],[-71.047017999635813,42.373120000190703],[-71.046817296238402,42.373040757033493],[-71.044660000168435,42.372189000098864],[-71.043733498445633,42.369911008059184],[-71.04262599966782,42.367188000037167],[-71.041682169443206,42.366487317496272],[-71.037999000421522,42.363753000127787],[-71.029638000084859,42.363352000324838],[-71.026915999671075,42.363768999790388],[-71.026462852610848,42.362205039223561],[-71.026350999781556,42.361819000193613],[-71.027699999843719,42.358625000232941],[-71.007807000116358,42.347145000254201],[-71.005579000345321,42.347362000192867],[-71.003740999663293,42.356037000222102],[-70.999577000199253,42.356407999943805],[-70.994336999586238,42.353908999727473],[-70.989549999608045,42.354494999762338],[-70.985739596802773,42.357934535146072],[-70.985316999648703,42.358315999856153],[-70.985885271202505,42.359061150458324],[-70.988034999864524,42.361879999892018],[-70.997719000324068,42.360561999873852],[-71.001619995530802,42.364677042498094],[-71.002821999771456,42.365945000240828],[-71.000239999998072,42.37241800009317],[-70.997853130474084,42.372634267697137],[-70.997227000229501,42.372691000215475],[-70.994589986729807,42.371479869110985],[-70.989318234264729,42.369058652507078],[-70.98812799975093,42.368512000269241],[-70.981003446859546,42.370102684274066],[-70.972966964715894,42.371896973904853],[-70.972827999833015,42.371928000130595],[-70.970660000336423,42.370579000191604],[-70.971283721299443,42.369482430172972],[-70.974005345319114,42.364697518180108],[-70.975376999994424,42.362285999933853],[-70.974540000118338,42.359250000143874],[-70.972406000058626,42.35721999974534],[-70.970024451256066,42.355284031584034],[-70.96527599978333,42.351424000269319],[-70.960046999939266,42.346505999816962],[-70.953022000144301,42.343972999674492],[-70.953291999582731,42.349697999968384],[-70.958599000142911,42.355509999729357],[-70.962365000122006,42.354975999919709],[-70.966874875224931,42.357056317992289],[-70.968034000182129,42.357590999785032],[-70.968784737536424,42.361830120982248],[-70.969214000189893,42.364253999701575],[-70.966627000393643,42.367599000004546],[-70.967337828294816,42.369004847577536],[-70.970474068835571,42.375207578218642],[-70.971573000380502,42.377380999846096],[-70.972547487410807,42.381146494449411],[-70.972705999634286,42.381758999783884],[-70.972513000188741,42.385041999838151],[-70.971772986023993,42.385492081038791],[-70.967272999575712,42.388228999747909],[-70.968604999919421,42.390111999675057],[-70.972836649710885,42.389731263465727],[-70.975796000294082,42.389465000060667],[-70.976300585785793,42.389603429757422],[-70.97979099970371,42.390561000231187],[-70.980508792243299,42.391683599693451],[-70.982957366145826,42.395513075235478],[-70.983010974907032,42.395596916670378],[-70.983426000161543,42.396245999856113],[-70.985068000126674,42.402040999743811],[-70.987722958372487,42.402399325948728],[-70.989194999780793,42.402598000049871],[-70.990594999896558,42.407098000320019],[-70.990559694309283,42.407214809015301],[-70.987694000280968,42.416695999981961],[-70.986815000572093,42.418061253555628],[-70.983704244337673,42.422892854446658],[-70.982994000341421,42.423995999989273],[-70.976642882536595,42.430435374421485],[-70.975510000063807,42.431583999862575],[-70.968638628352096,42.435531171197049],[-70.959697999959829,42.440667000029045],[-70.959933999961365,42.441217999858978],[-70.966537999806874,42.442451000006706],[-70.966309296820384,42.443047432640775],[-70.966138811850811,42.443492041111526],[-70.968594000048782,42.444396000017576],[-70.971594000296903,42.442696000296912],[-70.975193999696316,42.436896000048542],[-70.979454000318142,42.432815000292862],[-70.982293999834368,42.43129600010635],[-70.983708000193872,42.431663000040956],[-70.990120000418742,42.43487700023725],[-70.99202299960146,42.434135000241852],[-70.997233999902178,42.431051000328729],[-70.997346999880079,42.431066000220852],[-70.999856999683431,42.43129600010635],[-71.002149999751808,42.432608000212703],[-71.00591999992885,42.433043999898864],[-71.006974000438234,42.43383799994232],[-71.01077700022725,42.434567999837654],[-71.011415999736627,42.435991000114655],[-71.010105000207602,42.438188000040491],[-71.012269000404544,42.43972400016483],[-71.009670999839329,42.441047000201699],[-71.011923999724743,42.442164000152871],[-71.013240000174932,42.443708000178084],[-71.014610000153482,42.445289000296242],[-71.018756999899097,42.450118000212179],[-71.025836000120748,42.444709000242042],[-71.024995999871607,42.443714999775132],[-71.020377000122906,42.438250000201535],[-71.021004999761615,42.437116999894464],[-71.021347999893294,42.436504999737856],[-71.023001999553983,42.433520999831174],[-71.02303599988916,42.433460000117321],[-71.024087999850408,42.43158200015889],[-71.028227000098397,42.424202000027073],[-71.029319000242623,42.421876999817194],[-71.031085999881199,42.418782000322267],[-71.031728999588537,42.417391999899515],[-71.032566000362948,42.415533000094122],[-71.033180999582868,42.414206000143722],[-71.03344199969878,42.413380000240792],[-71.034909999586631,42.410876000172138],[-71.035629000360245,42.409640999908987],[-71.03709700024811,42.407315000131511],[-71.03774300032849,42.406318000130128],[-71.039074999773888,42.404263000086566],[-71.03948700040084,42.403626000084238],[-71.040567999776087,42.401981999898148],[-71.040886999618323,42.401749000280219],[-71.046148000147767,42.398043999777904],[-71.046160999668231,42.398035000277382],[-71.048144999940135,42.396633999932213],[-71.051945000254406,42.397618999842997],[-71.0532969997913,42.396178000101848],[-71.050001999990414,42.393470999936689],[-71.050694999926435,42.39199599999202],[-71.055295000306884,42.387096999708845],[-71.055523999737431,42.387119000108108],[-71.057395000031406,42.387297000159485],[-71.065695000268718,42.386595999869911],[-71.070895999625364,42.388996000290291],[-71.07069599960883,42.38959600015702],[-71.067081999965708,42.394049999983721],[-71.066943999873445,42.394754999724732],[-71.069322000330615,42.394021999972594],[-71.07269599977424,42.390795999934888],[-71.073495999840418,42.391795999917122],[-71.077404999934629,42.386166999726527],[-71.077637999563137,42.385837999784805],[-71.078727000232618,42.384306000289925],[-71.079427999666251,42.383319999832224],[-71.080932000437443,42.382133000164849],[-71.080700999560449,42.381039000144533],[-71.075656999664304,42.380196000061055],[-71.072689000101548,42.37322199976758],[-71.072465999620476,42.372657999993883],[-71.070544999996088,42.372355999875758],[-71.067114999577655,42.371815999697183],[-71.064059000151374,42.369001000147314],[-71.069477999966239,42.369045999867438],[-71.070575000133317,42.368015000281993],[-71.070643999730294,42.367949000217614],[-71.071536999682891,42.36710999983184],[-71.07479200019911,42.363773000203231],[-71.075656999664304,42.361612999740764],[-71.076091999857482,42.360379999740623],[-71.077952000280803,42.358735000253809],[-71.085175000442504,42.356333000130164],[-71.087511000168575,42.355556999955311],[-71.091235000314882,42.35433799984704],[-71.093001999953472,42.35389399997208],[-71.097890000214008,42.353119999768126],[-71.103032000019439,42.352513999856555],[-71.104315999784262,42.352402999781859],[-71.110358000113308,42.352586000230808],[-71.110589000091977,42.352615999698529],[-71.113195999979709,42.353110000027364],[-71.116852000353944,42.355384999974319],[-71.117165000348393,42.356996999714305],[-71.116680999751409,42.358735999939327],[-71.116597000085818,42.359184999842711],[-71.116704000215947,42.361255000253429],[-71.116936000019521,42.363677000181255],[-71.116920999950906,42.364246000264394],[-71.117229999747408,42.367366999725334],[-71.118959999576077,42.368760000020778],[-71.123204000304369,42.368937999688491],[-71.12820299999467,42.373571999840884],[-71.130997000378471,42.3738920000403],[-71.133179000118744,42.372338000143699],[-71.131762000284525,42.369863999986627],[-71.132373000204808,42.368891000179502],[-71.136658000042658,42.366751999808336],[-71.139891999744208,42.364440000267187],[-71.143666999944116,42.365081000074504],[-71.144492000124629,42.364822000280192],[-71.147170000157487,42.361753999894894],[-71.148331999723567,42.361118999872772],[-71.154475000334941,42.36003599982147],[-71.159746000011808,42.359780999810219],[-71.161507999627531,42.358972000284098],[-71.163887999734541,42.358523000186324],[-71.167625000299637,42.360073000020883],[-71.169473999953979,42.358046999771133],[-71.171387000080756,42.35608900001985],[-71.173935000417245,42.353396999855626],[-71.174798000232613,42.350265000194376],[-71.174265000130148,42.349584000074721],[-71.166698999836768,42.340008999961363],[-71.166739999844637,42.33985399969103],[-71.168935999828633,42.338448999903896],[-71.168885999599937,42.33582600009327],[-71.167565000025164,42.33344099988507],[-71.16273200001622,42.333961000238503],[-71.160916999798729,42.333638999696447],[-71.157036000191923,42.330389999935655],[-71.156262000065027,42.330847000147706],[-71.149853000213184,42.334634999777194],[-71.150104000283363,42.335281999814477],[-71.148294999913659,42.335806999806401],[-71.148482000409729,42.336253000028258],[-71.147266000416934,42.337200999881873],[-71.146155999831066,42.337442000199353],[-71.146215000280606,42.338631999807411],[-71.144779000179824,42.339657000179763],[-71.144211999742154,42.340021999743904],[-71.14175399981734,42.340396000304906],[-71.14129799970776,42.341069999931612],[-71.139977000133001,42.342140000135892],[-71.13880899982081,42.343087000276753],[-71.137823999806727,42.343876000023819],[-71.135985000198104,42.345366000081569],[-71.135154999994725,42.346023000129179],[-71.134253999646205,42.346576999891248],[-71.133380999785103,42.34712199992309],[-71.129746000225595,42.348850000268989],[-71.128727999701212,42.349462999815728],[-71.126134000232284,42.350327000305803],[-71.124206999861812,42.351492999834583],[-71.123518000123724,42.35148599990135],[-71.122855000324904,42.351860999777458],[-71.121311000269088,42.35167499981587],[-71.120286000072028,42.351557000325798],[-71.115807999890308,42.351016999945358],[-71.110936000421617,42.350445999930706],[-71.106570000392907,42.349912000247137],[-71.106701999739059,42.349433000170919],[-71.106854000075032,42.348758999905762],[-71.106894000258009,42.348587999756901],[-71.107213000100245,42.347049000057645],[-71.106740000272211,42.346040000210088],[-71.105515999883508,42.343811999679566],[-71.108224999878502,42.342271999969157],[-71.110596999589589,42.340405000099281],[-71.111550999641537,42.337298999896461],[-71.110750999575359,42.336168000291011],[-71.110808000375087,42.335586000276919],[-71.111413000447598,42.334525000077761],[-71.113271000322769,42.332217000012825],[-71.114546999691697,42.32837199991873],[-71.115562999667929,42.326779999875171],[-71.115929000264131,42.325854999829666],[-71.116536999811359,42.323939000321367],[-71.119538999709306,42.322744999961266],[-71.120111999994748,42.322834999860227],[-71.121528000004062,42.323881999961436],[-71.123710999569255,42.322715999781892],[-71.130641999652909,42.314529999933036],[-71.131862999668556,42.313178000240271],[-71.134359000126508,42.309252000050755],[-71.136502000407063,42.306203999807451],[-71.140135000316761,42.302146999684361],[-71.146883000102306,42.297279999960651],[-71.150300000101936,42.295530000093891],[-71.152112999771276,42.294587999816592],[-71.153691000162297,42.295746000016919],[-71.1647020000444,42.303830000180533],[-71.169807999864815,42.300442999812503],[-71.178636000181726,42.294595000102717],[-71.190904000064478,42.283248000079418]]],[[[-70.930909999968407,42.321604999839749],[-70.930760000180584,42.319026999964514],[-70.928055000383566,42.317223000051349],[-70.925307999855448,42.317223000051349],[-70.925472999711886,42.319211999884637],[-70.925969000004429,42.321908999987784],[-70.930247999994506,42.32229199973289],[-70.930909999968407,42.321604999839749]]],[[[-70.93209099980109,42.332697999971664],[-70.932464000069984,42.332227999863854],[-70.931241000404526,42.331909000083023],[-70.930808999686079,42.331014999691796],[-70.931024999596147,42.329672999703888],[-70.932110000067652,42.328915000035877],[-70.931413999758576,42.328267000078078],[-70.93059299977601,42.32810699988903],[-70.929382999631017,42.328171000279141],[-70.927698000008192,42.327340999796277],[-70.927050000278001,42.326350000109784],[-70.926789999987008,42.325360000303732],[-70.925882999790716,42.324943999932209],[-70.924716000201741,42.324880000243994],[-70.923721999966816,42.325360000303732],[-70.922598000035549,42.326144000295976],[-70.923068000388838,42.326989999696345],[-70.926834000367933,42.330376000017722],[-70.928692000243117,42.332324000111917],[-70.929717000440164,42.333972999863896],[-70.930679999814629,42.333698000016057],[-70.93175799971516,42.333115999722153],[-70.93209099980109,42.332697999971664]]],[[[-70.942780000366213,42.327180999908478],[-70.942947999697395,42.325695000147249],[-70.939853999737963,42.324245000287],[-70.936543999868434,42.324865999763865],[-70.934947000109162,42.326806999787117],[-70.937247999675137,42.327499999758984],[-70.940749000238668,42.328139000092243],[-70.942780000366213,42.327180999908478]]],[[[-70.958093999629526,42.311650000280345],[-70.957835000061763,42.309830999845595],[-70.954340000244329,42.308586999959246],[-70.954286600790553,42.30865283382807],[-70.952398999630148,42.310980000047792],[-70.949679999589421,42.311076000169841],[-70.948514999650271,42.311937000033318],[-70.951492000332166,42.313563999869139],[-70.954340000244329,42.312989999942332],[-70.958093999629526,42.311650000280345]]],[[[-70.977402000274196,42.312294000297655],[-70.977218999976088,42.310249000073625],[-70.974273000154653,42.310198000021231],[-70.971169000149445,42.311170999703606],[-70.968968000142581,42.312989999942332],[-70.965731999892924,42.313468999961529],[-70.963530999886061,42.318541999782063],[-70.95912999969724,42.32457200025258],[-70.95369300033903,42.327921000045968],[-70.952805000409313,42.330626999923865],[-70.957267999624094,42.33166100032841],[-70.967544999562278,42.322894999942704],[-70.970391999649507,42.316244999791891],[-70.97415582929888,42.314123617704944],[-70.976904763899825,42.312574253914633],[-70.977402000274196,42.312294000297655]]],[[[-70.989162000168847,42.328303999719346],[-70.991620999918553,42.326294000143328],[-70.988902999702745,42.323710000321903],[-70.988773999831295,42.319211999884637],[-70.985667000351384,42.318732999737229],[-70.983984000378399,42.32131700005759],[-70.983078000006998,42.327155999868523],[-70.984242999946147,42.328399999979453],[-70.989162000168847,42.328303999719346]]],[[[-71.016642999930852,42.313730999995379],[-71.017179000406387,42.311751000215324],[-71.014600999932668,42.309869000162223],[-71.011486999881726,42.309299000311896],[-71.006699000078626,42.316132999755297],[-71.003251000116848,42.31952400011911],[-71.000371000417644,42.319325999715375],[-70.999533999643248,42.319919999721598],[-71.000305000295413,42.321282000190244],[-71.00636400034287,42.320910999735354],[-71.011320000375463,42.316355000238723],[-71.016642999930852,42.313730999995379]]]]},"properties":{"NAME":"Suffolk County","GEOID":"25025","BASENAME":"Suffolk"}},{"type":"Feature","geometry":{"type":"Polygon","coordinates":[[[-70.686980999696331,41.52949000023775],[-70.687784999960456,41.524182000204355],[-70.685408000226502,41.521335000025957],[-70.678514999777676,41.521511999770205],[-70.673049000107156,41.523648000322325],[-70.670196000172126,41.520801000189692],[-70.668294999740937,41.517952999733275],[-70.664623095592887,41.517952999733275],[-70.662828000245469,41.517952999733275],[-70.656625000257975,41.51477899987983],[-70.654010999799226,41.515905000189477],[-70.654103999685645,41.519025000255411],[-70.650058867096647,41.524172438601724],[-70.643626999730941,41.53235699972258],[-70.641209878541446,41.533779531273233],[-70.633799623660437,41.538140636834775],[-70.633712549061642,41.538191881914322],[-70.633606999710722,41.538253999675113],[-70.622996455307529,41.540484353006505],[-70.617911142789794,41.541553293464759],[-70.616715127617155,41.541804697534104],[-70.611081000156346,41.542988999868278],[-70.60783099966298,41.542670048270502],[-70.601838999562673,41.542081999977079],[-70.593810000385346,41.545097999903007],[-70.588810011649912,41.545322475589863],[-70.58641499979619,41.545430000134608],[-70.580554999940375,41.544240000064313],[-70.574371188865641,41.5466335274428],[-70.573767999796743,41.546867000046895],[-70.570480525183001,41.547208613263514],[-70.561261257355895,41.548166621101657],[-70.560908643454042,41.548203262662362],[-70.55968899989449,41.548330000001329],[-70.547919543434858,41.55114841262774],[-70.546822999611933,41.55141100014982],[-70.53882100019878,41.551256000088202],[-70.532376000361936,41.549305999747475],[-70.528813899986019,41.546852488879296],[-70.52862299990332,41.546721000099083],[-70.522327000029378,41.548964999984413],[-70.522008910180546,41.54899867562554],[-70.500004693465726,41.551328249104905],[-70.495170762802132,41.551840014750972],[-70.493243999586895,41.552044000156201],[-70.485571000061697,41.554243999720505],[-70.476255999673086,41.55850200004101],[-70.465092208039252,41.568428518239649],[-70.463693639838041,41.569672083619125],[-70.461277999970449,41.57181999995283],[-70.45068999968764,41.584991999949878],[-70.450361248633016,41.587588045242363],[-70.450176999676671,41.58904300018709],[-70.446551000337976,41.590236999964176],[-70.445289000314446,41.591814999926719],[-70.444379446207805,41.59427975170891],[-70.442617999954308,41.599052999936191],[-70.441571763583909,41.600275297003122],[-70.437245999995099,41.605328999876917],[-70.432748674356674,41.60564495475078],[-70.431652000278049,41.605722000002658],[-70.426811999698089,41.604719000008117],[-70.424737217480214,41.605017100561547],[-70.408534999996576,41.607345000238965],[-70.401147596459793,41.606450598419968],[-70.400581000264012,41.606381999894076],[-70.379151000153513,41.611361000232193],[-70.369854000206558,41.615887999765938],[-70.364744000188182,41.62367100000337],[-70.364763446917465,41.624071761146041],[-70.364892000326194,41.626720999814815],[-70.360352000220203,41.631068999928168],[-70.351634000406477,41.634687000125219],[-70.350535375187036,41.634820693980139],[-70.338573468152518,41.636276366505975],[-70.338066999791948,41.636337999896533],[-70.333984621254629,41.635455648723429],[-70.329923999913476,41.634578000030729],[-70.322371835472126,41.630890702817545],[-70.321587999691189,41.630508000161406],[-70.31662599981081,41.625447999725459],[-70.311687000394969,41.627407999665913],[-70.300653000048328,41.629509999777163],[-70.300247999992379,41.632460000054003],[-70.296009000185265,41.634380000311388],[-70.290619999609319,41.635195999820368],[-70.28132000018762,41.6351250000817],[-70.274522000173363,41.632927000161281],[-70.270787247193127,41.627950331416137],[-70.269130000122672,41.625741999721036],[-70.269686999616283,41.617775000191827],[-70.267586999891762,41.610911999821461],[-70.265424000418037,41.60933299986246],[-70.259601000372129,41.610862999952481],[-70.255420000291352,41.617541000091599],[-70.256210000311768,41.620698000130581],[-70.245867000251351,41.628478999727342],[-70.235444053723896,41.631670512860659],[-70.220416126556088,41.636272074369025],[-70.219773000186308,41.636469000112463],[-70.207081999805951,41.642503000208571],[-70.203285340326204,41.643192351287418],[-70.197999999944145,41.64415200000505],[-70.195193000039879,41.64791300006577],[-70.193308529508201,41.648271298581072],[-70.187167000337283,41.649438999785346],[-70.16835735357121,41.651995098300539],[-70.168335999718593,41.651997999971307],[-70.15811499985692,41.651819999713211],[-70.157515145334372,41.651771386675883],[-70.140876999697866,41.650422999773042],[-70.13670735791554,41.651292139032485],[-70.11775274192722,41.655243123779734],[-70.117564831437775,41.655282292670805],[-70.116505999788799,41.655502999979916],[-70.089237999563778,41.662812999981192],[-70.086578083515931,41.663041811882117],[-70.075973999796275,41.663953999898212],[-70.065701999880972,41.662356999837222],[-70.064508538618682,41.663051855591135],[-70.062114000177104,41.664445999952214],[-70.055522999852101,41.664842999813928],[-70.040515000012221,41.667401000134198],[-70.037395297455859,41.667496806111963],[-70.037264892619334,41.667500810970388],[-70.032112555001603,41.667659038915701],[-70.029345999946372,41.667744000296949],[-70.029118926503799,41.667807418782559],[-70.021452931142889,41.669948426732908],[-70.015789052378196,41.671530271550893],[-70.014210999884895,41.67197100032908],[-70.012478311398596,41.671876664481971],[-70.007153442449081,41.6715867554163],[-70.007011000187731,41.671578999850418],[-69.998549568202307,41.66808782536495],[-69.996359000330841,41.66718400026528],[-69.985321999611159,41.658213000225153],[-69.983240900440208,41.65724320693387],[-69.975719000240758,41.653738000255117],[-69.970488999673464,41.645458000323394],[-69.973072999994969,41.642941000081301],[-69.975915999884251,41.638863000104934],[-69.977478000381751,41.630786000220375],[-69.985560000160845,41.619668000136301],[-69.98521100018138,41.613124000044664],[-69.989826999557039,41.607152000190197],[-69.992215000059971,41.603319000174309],[-69.991306000213854,41.588720999786474],[-69.993878999766409,41.576299000086877],[-69.998849999867602,41.565903999951601],[-70.0029110002978,41.562073000124329],[-70.008614999619709,41.557982000312109],[-70.012696999966295,41.553227999991208],[-70.013605999812398,41.551046000105842],[-70.012655000133506,41.546776999694359],[-70.011229000078444,41.543930999917464],[-70.008376999968334,41.54144000028262],[-70.003861000151787,41.540550999713666],[-69.997681999555411,41.542329999857401],[-69.991977000408582,41.547488000207522],[-69.988214999729138,41.554704000107584],[-69.989362999949861,41.581455000100561],[-69.988374999562723,41.586966999712992],[-69.988412000270941,41.594432000267027],[-69.983183000426891,41.60829500010292],[-69.976053000151609,41.611670999713709],[-69.967192000222738,41.611956000165094],[-69.95777499972688,41.62036399998928],[-69.95680099958345,41.629794999959266],[-69.954022999991494,41.634033000150161],[-69.952254999629673,41.640472000145458],[-69.951507549211001,41.642211358466319],[-69.94753100029898,41.651464999856557],[-69.943966000161339,41.655550000040456],[-69.943727999611653,41.664783000263988],[-69.933746000124586,41.678631000026996],[-69.9304179998134,41.691944000215614],[-69.928393000431953,41.708449000064384],[-69.928504027709494,41.722510049178524],[-69.928651999999701,41.741250000252045],[-69.938024000289744,41.809507000306283],[-69.938178977642565,41.810369093338281],[-69.939658999683857,41.818601999943489],[-69.94135199970259,41.822793000270622],[-69.942777999757666,41.833065000052159],[-69.945314000398596,41.845221999942162],[-69.950302539207414,41.859464747321276],[-69.957460195915345,41.87990052619039],[-69.968598000186304,41.911699999711352],[-69.983709669203236,41.944449295230044],[-69.986024074328185,41.949464964528111],[-69.986084999867387,41.949596999954068],[-69.986195895092592,41.949769371962795],[-69.997125223742316,41.966757612119494],[-70.005717315685814,41.980112918253241],[-70.010510416123097,41.987563178362215],[-70.011897999725036,41.989720000208756],[-70.033501000087895,42.017736000033544],[-70.036670678618449,42.020601374778821],[-70.058530999597821,42.04036300017772],[-70.059109287367022,42.040706088914277],[-70.082623999672535,42.054656999734917],[-70.11596799966344,42.067637999802052],[-70.154255357695973,42.077158296572946],[-70.160166000075947,42.078628000205747],[-70.189304999696631,42.082336999851186],[-70.206899000406139,42.081900000074697],[-70.225626000369445,42.078601000043726],[-70.238086999697728,42.072877999942222],[-70.245385000202504,42.063732999701514],[-70.243539999847783,42.060568999688549],[-70.238875000068347,42.060478999728993],[-70.235360999984309,42.057402000027672],[-70.228617000396738,42.053932000234546],[-70.218701000133578,42.045848000293084],[-70.213011999981987,42.036133999729351],[-70.208741000387818,42.030749000165862],[-70.196311999948264,42.021984000049748],[-70.190833999683846,42.020027999966089],[-70.186707999854661,42.01990400016409],[-70.179601000043903,42.021858000013069],[-70.171007999903651,42.028044999812977],[-70.166883999724263,42.034574999760686],[-70.173757999906513,42.027357000205392],[-70.189461000230565,42.024236000296426],[-70.192340999929769,42.02315700024662],[-70.196619999919847,42.025451999871422],[-70.205889000277708,42.032691000114042],[-70.20113499991146,42.034985999848033],[-70.196151765654406,42.036128143055016],[-70.194969999558793,42.036399000000245],[-70.194455999722905,42.039469999943364],[-70.190448161591206,42.045229957127276],[-70.186815999809681,42.050450000084219],[-70.185266157111244,42.051558356741083],[-70.183106018771696,42.053103161391938],[-70.178467999891808,42.056419999940317],[-70.176742227534874,42.057078761381653],[-70.169781000040217,42.059736000317194],[-70.155415000082769,42.062409000169978],[-70.148607999847684,42.060930999734502],[-70.147436055931379,42.060462336143488],[-70.142429000149619,42.058460000277044],[-70.14190723258146,42.058277195660111],[-70.139743200045174,42.057519014156981],[-70.123042999687144,42.051668000216885],[-70.108059999961625,42.043600999909671],[-70.095595000435381,42.032832000118063],[-70.091361766015766,42.027248661370571],[-70.089578000220712,42.024895999694081],[-70.0837750002663,42.012040999737366],[-70.078928580325325,41.991794957469331],[-70.077420999767725,41.985497000033547],[-70.077292382578619,41.957844968546432],[-70.077224999949152,41.943358000198273],[-70.074006000316231,41.938650000242959],[-70.07303899984548,41.899782999710375],[-70.069010000100661,41.884923999768525],[-70.066845999903734,41.883340000034416],[-70.066371000425889,41.886348000163728],[-70.068985999811233,41.896256000203181],[-70.065722999797373,41.89964100019882],[-70.065670999918837,41.911658000270407],[-70.063136999826057,41.915210000007214],[-70.058947000422748,41.917105000055521],[-70.054203000102262,41.920948999747829],[-70.057815000095545,41.92048899969393],[-70.061617000059655,41.923496000178318],[-70.059002999600921,41.925617999691013],[-70.054962000160529,41.927916999969952],[-70.044994999843752,41.930049000086392],[-70.035235000114525,41.930039000137405],[-70.027391999811726,41.929331000034331],[-70.028706123681289,41.92787729356337],[-70.032023999979216,41.92420699986441],[-70.032305000186611,41.920440999683194],[-70.025553000203104,41.911699000297958],[-70.020089000182395,41.907581999742014],[-70.013368999985943,41.905986000222008],[-70.013419444880725,41.90496944294199],[-70.013605999812398,41.901209999910165],[-70.021212000288742,41.90014799973703],[-70.024334999662202,41.898819999949339],[-70.024240000125957,41.896343000230189],[-70.01849700044599,41.891528000069208],[-70.012153999818068,41.891656000042985],[-70.002922000168468,41.890315000144511],[-70.000188000059126,41.886937999816936],[-70.005763000407896,41.881923999851622],[-70.006444104852974,41.880813484646417],[-70.009013000002966,41.876624999701924],[-70.007524668545287,41.864197905809093],[-70.006047473502193,41.851863802074483],[-70.005785936193746,41.849680046952919],[-70.004992616000024,41.843056079066095],[-70.004486000315765,41.838826000278928],[-70.004388000406479,41.817866000329992],[-70.004886189893384,41.814804822090878],[-70.005287000206835,41.812341999903794],[-70.003841999885211,41.808519999734216],[-70.008462000357142,41.800786000221756],[-70.008938116440874,41.800465435151672],[-70.015508000068522,41.796041999950333],[-70.022535000411651,41.789433000024701],[-70.022706999940795,41.788352000155641],[-70.023030156287817,41.788194487140409],[-70.024733999870364,41.787363999888569],[-70.036646540886764,41.782994162174987],[-70.042697939390294,41.780774347462739],[-70.047954023440184,41.778846276245368],[-70.059426995431863,41.774637683634054],[-70.064314000359076,41.772844999725322],[-70.065027176456397,41.772853057287847],[-70.066363942362699,41.772868160106519],[-70.069671405389869,41.772905528228314],[-70.07245700023752,41.772937000052707],[-70.082993999568387,41.768961000078306],[-70.096060999692384,41.766548999928915],[-70.114617683569392,41.761030039073397],[-70.121962065888923,41.758845738813804],[-70.121978000205431,41.758840999849525],[-70.14153299982398,41.760071999719614],[-70.149910000054163,41.756982000215565],[-70.180718413527515,41.751162814465076],[-70.183803999866015,41.750580000252235],[-70.189253999643,41.75198200024073],[-70.206018115133503,41.746355623096129],[-70.216073000329473,41.742981000120473],[-70.234647999956778,41.732042000258545],[-70.240777000324456,41.727528000150926],[-70.239317999759109,41.72688099976709],[-70.239317999759109,41.726033666927229],[-70.239317999759109,41.725624999964865],[-70.23530400008292,41.722456999977041],[-70.238174999561281,41.720065999819809],[-70.239506000080098,41.718140999901557],[-70.239297999667642,41.716215999988243],[-70.24108699994585,41.714632000147212],[-70.240588000178562,41.712643999692901],[-70.239931000227529,41.711175000283795],[-70.240185999597344,41.710648999669019],[-70.241019999998699,41.710539000169234],[-70.242667999811601,41.711153999773131],[-70.244324000020427,41.712271000009494],[-70.24836799983386,41.711681999992543],[-70.250655999879356,41.709259000015663],[-70.250347000082883,41.708450999878103],[-70.250238000302943,41.707737000049427],[-70.251194999829636,41.70733899994903],[-70.252837999619643,41.707460000046439],[-70.253421999775753,41.708039999961869],[-70.254978000425481,41.708047000024841],[-70.255710999646155,41.707914999954141],[-70.256135999793614,41.708268999806926],[-70.256182999649269,41.70936699990866],[-70.257012000027743,41.709951000260368],[-70.25813799960882,41.710044000090782],[-70.261912999808757,41.709001999844901],[-70.262803792600678,41.707569400570328],[-70.263127999976618,41.707047999901881],[-70.265348000250057,41.707186999897402],[-70.266329999891113,41.708669999896109],[-70.264179999937866,41.711286999762052],[-70.264272999824271,41.711705999899436],[-70.267100999644938,41.7128750002489],[-70.268550000164552,41.712926999853167],[-70.278018999640636,41.70998500031493],[-70.284009000091118,41.709878999888218],[-70.29427699980846,41.710837000268285],[-70.300551999766,41.708494999788471],[-70.300715192212081,41.708544292930817],[-70.306541000391562,41.710303999753705],[-70.319804000334145,41.709665999963754],[-70.327362000231616,41.711262999698668],[-70.32921599990884,41.708920000085634],[-70.327076999826247,41.705620000049606],[-70.328502999881309,41.703916000128558],[-70.341314501172207,41.701499716945094],[-70.342050000404342,41.701360999763153],[-70.357309000314373,41.702531999761788],[-70.362871000244368,41.705087999833104],[-70.36087500027692,41.708813999914753],[-70.362585999839027,41.711900999733082],[-70.382122999914216,41.721482000137762],[-70.385545999761661,41.7206299998101],[-70.395242999741697,41.72510100024266],[-70.396038944812645,41.727031218163738],[-70.3963840002897,41.727868000096244],[-70.394245000207107,41.729996000105579],[-70.393245825676161,41.729834867070636],[-70.388967999784157,41.729145000298523],[-70.384119999706584,41.730954000298475],[-70.385261000254602,41.733934000100618],[-70.382835999941747,41.734678999733241],[-70.373138999961725,41.732976000106007],[-70.363298999866544,41.732976000106007],[-70.348896000099174,41.731486000291625],[-70.346043000164158,41.732125000224173],[-70.340795000053504,41.730775999838734],[-70.332495999641125,41.731805999818683],[-70.319240000269545,41.728887000273659],[-70.303261999585885,41.727485999752794],[-70.296267999753042,41.725261000017376],[-70.293193000060157,41.725344999672529],[-70.292049000037423,41.727569999851163],[-70.292124000380483,41.728773999694809],[-70.290248999888533,41.729501999957129],[-70.288168000430588,41.729208000264151],[-70.285523999834638,41.725247000287645],[-70.281773999749063,41.722420000075786],[-70.278904999920513,41.722573999687704],[-70.274404000172595,41.723497999665717],[-70.273878999567728,41.724309999709561],[-70.275247999721358,41.725806999835712],[-70.283091000024172,41.728951000080244],[-70.288339999959732,41.731981000142696],[-70.295560999573297,41.73441200026452],[-70.320694047524398,41.735787733327115],[-70.363415857210285,41.73812624097404],[-70.375340999793508,41.738779000031059],[-70.383591395959115,41.739763812009706],[-70.399987999887074,41.741720999843338],[-70.428308999898263,41.747668999846205],[-70.428578967895646,41.747885583456814],[-70.428585313594809,41.747890673753361],[-70.428650182738124,41.747942716063989],[-70.429816000144157,41.748878000008183],[-70.447822422790509,41.754350768474112],[-70.471552000433888,41.761563000062793],[-70.475782820182019,41.763880021222434],[-70.49404799985102,41.773883000002868],[-70.494210574256186,41.77538586408776],[-70.494228616918676,41.775552649555799],[-70.494353701932098,41.776708956803688],[-70.494364802414054,41.776811569738534],[-70.4945190000292,41.778236999852872],[-70.497008400564766,41.779619806984151],[-70.517314666645319,41.790899488987193],[-70.517411000179777,41.790953000045526],[-70.519413196726049,41.792771065544713],[-70.532655999846099,41.804795999848153],[-70.537289334011788,41.810859061074176],[-70.545868999559971,41.803515999898735],[-70.545887000001642,41.803500000290022],[-70.547559000103988,41.802055999898435],[-70.560880999597813,41.790544000152053],[-70.565362999977467,41.786669000255799],[-70.568569999914828,41.78564699999604],[-70.602939000102808,41.774696000323694],[-70.603945000033292,41.774295999879769],[-70.632554999749473,41.762903999807385],[-70.629977999998971,41.761133999825198],[-70.625869999713117,41.755198999678122],[-70.625155999860681,41.751143999755904],[-70.621621999685175,41.748971999745919],[-70.620784999809089,41.747530000280257],[-70.621138999811407,41.747018000020859],[-70.621570999631544,41.746418000291044],[-70.623193000403504,41.745615000198512],[-70.625987999713885,41.744968999697939],[-70.632706000260526,41.737758999796121],[-70.63326799977699,41.735464999853207],[-70.632579999863822,41.733656999707136],[-70.639389999573638,41.728018000308509],[-70.639475999787365,41.726472999918997],[-70.640275999853529,41.723609000125307],[-70.643073912400396,41.717603586827465],[-70.642354938576233,41.717550217754187],[-70.639725000207733,41.717354999700866],[-70.633831000016698,41.714125000236528],[-70.630988244469179,41.713685077876136],[-70.626529000212287,41.712995000149135],[-70.623651999987814,41.707398000141382],[-70.623846999981495,41.703723000178925],[-70.61867699968866,41.702792000294622],[-70.618299919271706,41.702228596961604],[-70.617572000023941,41.701141000314692],[-70.620815999771224,41.700529000255706],[-70.623407164157129,41.699499034822573],[-70.625440000441102,41.698690999892861],[-70.631491999917571,41.696305000159541],[-70.636667000233288,41.696630999691955],[-70.642451999746044,41.695241000159015],[-70.645961999632107,41.69379399982089],[-70.644748000187477,41.691486000147698],[-70.645910999578476,41.690205000183283],[-70.649109000193306,41.690595999727392],[-70.650183999720781,41.690184000202315],[-70.652015999656683,41.687774000067975],[-70.655562000426073,41.686775999859819],[-70.657654999579592,41.684430999667462],[-70.660736000018545,41.68306300009052],[-70.662035999676917,41.680940000297923],[-70.66035899955169,41.679958000324341],[-70.657339000110397,41.681480000270511],[-70.645212999619559,41.681391000022835],[-70.638934000362397,41.679828000329238],[-70.636346999667836,41.680002000273525],[-70.632742000245543,41.675594000040427],[-70.632917000147714,41.670447999794177],[-70.635021421380074,41.668719974119085],[-70.636143000351638,41.667798999761771],[-70.637277000328652,41.669361999684135],[-70.642481000058368,41.671164999704125],[-70.648612999900749,41.670327999677703],[-70.653753999881275,41.667090000314545],[-70.651977373896116,41.66309209752179],[-70.651956000280549,41.663043999673988],[-70.647487860007388,41.660475231146492],[-70.645714999759903,41.659456000257208],[-70.640723999567214,41.659456000257208],[-70.634718999946415,41.663760000240231],[-70.631725000444391,41.663695000023466],[-70.620840806747808,41.657442812962707],[-70.620532999914019,41.657266000271051],[-70.621302999842939,41.656105999710547],[-70.623851000179457,41.656259999752947],[-70.626089999821133,41.652683000033662],[-70.630294984021717,41.650620115190847],[-70.633733999932318,41.648933000296431],[-70.640476999694982,41.648913999923792],[-70.644724999722939,41.646739999705709],[-70.645868691623534,41.646623705135944],[-70.648001221141129,41.646406862141447],[-70.650724000394248,41.646130000145838],[-70.650437000339082,41.641663000049824],[-70.653270000182616,41.638982000134241],[-70.652614000056488,41.637829000276163],[-70.646159999998829,41.64070399969593],[-70.644867999838056,41.64021799996334],[-70.642046999690095,41.635566000180816],[-70.643770999670977,41.634816000251497],[-70.646267000128944,41.635411999679135],[-70.646781999789738,41.635027999877337],[-70.641788999947238,41.629390999717025],[-70.640031179294212,41.624691339634495],[-70.640003000042071,41.624615999822822],[-70.64094827026608,41.623859783908877],[-70.64612800021176,41.619716000089461],[-70.646848999736889,41.61350199978849],[-70.651986000417779,41.610183999855892],[-70.652299321110775,41.606818001097828],[-70.652418174511084,41.605541158257566],[-70.65244900020005,41.605210000195626],[-70.64231125080903,41.583643056716099],[-70.642040000017403,41.583065999760422],[-70.640947999873191,41.577324999931378],[-70.641197018259845,41.576641583351318],[-70.64156078654257,41.575643240731495],[-70.642748000022053,41.572385000091167],[-70.648780000305337,41.569869999716261],[-70.649280999722436,41.565806999821831],[-70.653898999646231,41.565159999901226],[-70.65536499988427,41.557498000150481],[-70.654302000052368,41.549926000331304],[-70.656660701103988,41.546384970582103],[-70.658658999860236,41.543385000284687],[-70.666508000010836,41.539958000220565],[-70.66855500003193,41.536460999925218],[-70.668057000089547,41.532899999837369],[-70.672012000214536,41.531778999818272],[-70.676375999695097,41.528985999883204],[-70.676868399539998,41.52929314541565],[-70.679227999805221,41.530765000060072],[-70.680571166207912,41.531474641377038],[-70.683269000143937,41.532899999837369],[-70.686980999696331,41.52949000023775]]]},"properties":{"NAME":"Barnstable County","GEOID":"25001","BASENAME":"Barnstable"}},{"type":"Feature","geometry":{"type":"MultiPolygon","coordinates":[[[[-70.234053999754934,41.285653000044235],[-70.237144000414759,41.285116999845094],[-70.22133999980835,41.27703899994831],[-70.212652395390577,41.27369731228714],[-70.195635062787815,41.267151593846528],[-70.170355999975484,41.257428000205877],[-70.162963917114382,41.255271743455637],[-70.118669000160821,41.242350999870837],[-70.102260741490369,41.240727688992187],[-70.10049500039149,41.240553000222924],[-70.097860999841259,41.241148999809106],[-70.092404000391554,41.243319999858947],[-70.083489000036025,41.244774999739896],[-70.075093731666215,41.244567535004968],[-70.053179999554999,41.244025999858565],[-70.036972831455856,41.241437464547943],[-70.015225000211316,41.237963999723632],[-70.00160300024352,41.239916000193944],[-69.985009608674474,41.244037543989627],[-69.974982999748704,41.246527999896308],[-69.968087999650052,41.250977999972221],[-69.964129000225427,41.255381999854798],[-69.960180999773158,41.264545999922532],[-69.960277000032619,41.278730999799016],[-69.968616068899948,41.29125632258166],[-69.975185364131079,41.301123435906355],[-70.020380000435537,41.369006000228566],[-70.037370999824063,41.384065999774812],[-70.042740000308527,41.389311000075935],[-70.04905299990088,41.391702000295744],[-70.049564000262066,41.387899999775307],[-70.045585999672554,41.383597999810661],[-70.041516999744744,41.381539000042515],[-70.034640999912668,41.378993999914542],[-70.03036299974751,41.375070000255633],[-70.024030999888566,41.368613000276035],[-70.024420999875929,41.360622000144041],[-70.031331999868087,41.339331999984353],[-70.046087999812883,41.321650999733336],[-70.062565000263817,41.308725999991864],[-70.082072000201805,41.299093000319118],[-70.092141999552425,41.29774099969385],[-70.094686753377488,41.297655159012884],[-70.104415000356383,41.297326999976633],[-70.109613000238298,41.295378999748557],[-70.122855348810816,41.294016144792344],[-70.124460000419703,41.293850999714707],[-70.167729870463788,41.294309087075462],[-70.172798431198103,41.294362746762786],[-70.185510504258417,41.294497326392651],[-70.186990999711881,41.294513000266697],[-70.18801765909727,41.294866893513863],[-70.192173752488472,41.296299515787503],[-70.193411000332674,41.296725999688505],[-70.199114999654569,41.296190000018719],[-70.205691999735876,41.29124599970401],[-70.207434000158443,41.288689000135335],[-70.202205000314365,41.287975000199133],[-70.195788000066628,41.2906540001187],[-70.195622877140991,41.290486139222985],[-70.19230532962645,41.287113586965219],[-70.191746999727926,41.28654600014486],[-70.191887003063272,41.286136856989962],[-70.19388599981049,41.280294999997722],[-70.200523098980966,41.277121139806177],[-70.201729999938223,41.276544000288709],[-70.206125414402607,41.276150781913074],[-70.210526936512579,41.275757017019622],[-70.211609223173639,41.275660194203354],[-70.211712000323615,41.275650999690875],[-70.215039999736476,41.279581000021686],[-70.221219000332852,41.281903000224467],[-70.234053999754934,41.285653000044235]]],[[[-70.277262000130477,41.310506000016026],[-70.276652999860033,41.308631000099204],[-70.273121000232663,41.305521000088284],[-70.268616000286769,41.301770000280868],[-70.261552999958653,41.297653000019537],[-70.259664999946239,41.296005999992914],[-70.25595099984568,41.294953999972734],[-70.252541000417054,41.293033000215743],[-70.247669999874958,41.288641000293858],[-70.244322000370602,41.288138000168537],[-70.242738999956714,41.289190000085405],[-70.242616999757985,41.290561999787506],[-70.243287000127808,41.293124000171218],[-70.242494999559241,41.294222000003337],[-70.241095000341787,41.294953999972734],[-70.239815999701491,41.295822999672502],[-70.240249000244859,41.297399999788297],[-70.241875000316455,41.299800999746445],[-70.242068999586891,41.300947000157379],[-70.242810000101827,41.303384000322708],[-70.246551999791478,41.306185999808079],[-70.253477000027345,41.308640999703755],[-70.262949999701391,41.311451999866556],[-70.26538900025794,41.311375000321306],[-70.267519999944611,41.311191999941769],[-70.271050999747061,41.311238000081815],[-70.27299900003392,41.310872000064158],[-70.276652999860033,41.311283000202089],[-70.277262000130477,41.310506000016026]]],[[[-70.308970000004066,41.336057000081077],[-70.309245000363688,41.33457899994383],[-70.307000999800792,41.332390999954804],[-70.302512999573338,41.332598000120143],[-70.296490000409207,41.333426000274507],[-70.290859999808816,41.333662999967444],[-70.289324999973829,41.33502199974491],[-70.289719000159124,41.336323000283251],[-70.292027000296116,41.337788000024695],[-70.297204000261644,41.337681000289791],[-70.304318999569986,41.33841999970825],[-70.308103999815657,41.337683000128905],[-70.308970000004066,41.336057000081077]]]]},"properties":{"NAME":"Nantucket County","GEOID":"25019","BASENAME":"Nantucket"}},{"type":"Feature","geometry":{"type":"Polygon","coordinates":[[[-72.313630999706405,42.396404000268987],[-72.315819000192789,42.39453999981491],[-72.313391000405218,42.392758999725437],[-72.314507999765453,42.391655000191136],[-72.312658000286206,42.390931999753882],[-72.312572000072478,42.388670000196278],[-72.310043000002537,42.387390000231591],[-72.31164599960961,42.386608999969262],[-72.310852000289543,42.385866000129312],[-72.312924000424971,42.382687000101726],[-72.314349999581722,42.381656000153562],[-72.313116999870502,42.378751000324023],[-72.313640999752138,42.377584000207165],[-72.312065999734173,42.376430999921929],[-72.313158999703305,42.373587000208133],[-72.312086999650575,42.373765000133481],[-72.311431000422772,42.372205999738831],[-72.314567000215021,42.371405000110983],[-72.315655000161271,42.369479000231955],[-72.313107999649688,42.36855699967596],[-72.310504999959903,42.364294000190824],[-72.312965000432868,42.36211399978518],[-72.311546000050512,42.358849999828372],[-72.313798999935898,42.357790999953437],[-72.313121000068463,42.355697000024627],[-72.313653000346036,42.354335999672209],[-72.312218999895052,42.352523999692146],[-72.312611000430536,42.350796000099251],[-72.314276999786784,42.348337999684389],[-72.314253000395667,42.343687999823032],[-72.312176000237358,42.342801999728785],[-72.309408999617744,42.343761000271499],[-72.308787999651727,42.344891000176787],[-72.306804000278149,42.344282000192365],[-72.306143000129154,42.346127000317722],[-72.303752999976396,42.345757000217624],[-72.301397000158843,42.348228999907157],[-72.298744000240362,42.349321999966342],[-72.296708999914856,42.349369000172601],[-72.295389000165017,42.350568999919922],[-72.291332999757685,42.351736000067348],[-72.288734000265876,42.352023999987289],[-72.288559000363691,42.352078000032861],[-72.284230999969822,42.352010000238373],[-72.281382000232753,42.33612699978292],[-72.278490999764585,42.336465000177043],[-72.277078999953233,42.329405000050301],[-72.280003000033361,42.329091000019531],[-72.274638999571778,42.301963000019512],[-72.268653000217554,42.303523999933475],[-72.261922000150435,42.305258000271088],[-72.261544999683579,42.303330999859533],[-72.244543000424386,42.306033000204287],[-72.232934999967398,42.307875000189547],[-72.210795000202424,42.311380000033203],[-72.212144000264587,42.310217999864335],[-72.212852000269251,42.307566000168514],[-72.213067000354414,42.303808999742159],[-72.212227999930178,42.30256499977726],[-72.212775000276366,42.301514000071613],[-72.216261999697892,42.29930700019117],[-72.216744999571631,42.294055999717976],[-72.213972999827476,42.294257000018639],[-72.210797999677169,42.294478999912656],[-72.203280999787594,42.29118200022873],[-72.203957000005218,42.288877999681823],[-72.207108999690973,42.285245999846218],[-72.212042999982259,42.282651999808991],[-72.212778999576017,42.269805000007295],[-72.217649000293193,42.270172000140796],[-72.217569999752158,42.268198000091083],[-72.216513999592962,42.25964800020509],[-72.216090999993654,42.256196999986138],[-72.211100999625884,42.255677000102033],[-72.211078999884563,42.251261999845752],[-72.210459999568357,42.247205000041866],[-72.214583999747731,42.2475709999432],[-72.214820999574201,42.249041000186189],[-72.218067999694526,42.248605000116591],[-72.221217999730484,42.245251999791094],[-72.239127000084267,42.226811999766447],[-72.255673999957082,42.209706999730209],[-72.257504000243202,42.207809000289281],[-72.260158999811495,42.205869000110873],[-72.262791999638495,42.202534000123613],[-72.264108000088697,42.199500999932148],[-72.264691000419873,42.196724999980077],[-72.264397999618609,42.193529000261989],[-72.263276000235479,42.192600999828642],[-72.263132000295428,42.190109000021678],[-72.263749999888404,42.1883230000117],[-72.263923999965684,42.183830999938763],[-72.255924000202342,42.180976000249686],[-72.207907000107312,42.163879000165736],[-72.200626000219287,42.161286999937197],[-72.199348000302237,42.153707000140209],[-72.141886000122241,42.161000000103897],[-72.135011000115099,42.161784000223797],[-72.13504200007722,42.140601999709638],[-72.135085999559848,42.111802999713895],[-72.135082000260198,42.111444999724576],[-72.135112000397442,42.09066500020726],[-72.135180000169484,42.083514000263492],[-72.13538799968363,42.063146000078177],[-72.135490999615797,42.052929999845837],[-72.135714999921788,42.030245339577647],[-72.135687000332709,42.030244999941793],[-72.102168777482319,42.028899460644681],[-72.099725259298197,42.028801369796852],[-72.063495999972105,42.027347000177507],[-72.034578823141146,42.027169707950435],[-72.010044415190308,42.027019287197042],[-72.01003969903509,42.027019258503387],[-71.993102077540726,42.026915413331118],[-71.987326000095365,42.026879999927246],[-71.963019308780872,42.026247572067369],[-71.952326956601397,42.025969370868722],[-71.920986417086368,42.025153931246798],[-71.920882886249871,42.025151237298502],[-71.901088069688129,42.024636202603418],[-71.890779999719214,42.024368000190186],[-71.88394776760444,42.024307432623033],[-71.882833089490873,42.024297550899028],[-71.877396644393187,42.024249356785567],[-71.865951505802258,42.024147896112282],[-71.860396771446275,42.024098653517072],[-71.845712226194138,42.023968475533721],[-71.841647093513629,42.02393243787202],[-71.80456656367484,42.023603720308159],[-71.800649999765909,42.02356899975117],[-71.799242000152532,42.008064999965484],[-71.766010000314608,42.009745000114364],[-71.755109197666727,42.009995929253449],[-71.680875816422216,42.011704731182142],[-71.678022968302471,42.011770402099494],[-71.661603714252934,42.012148361973679],[-71.606734025607466,42.013411424822998],[-71.594118919393878,42.013701816264579],[-71.591103192340086,42.013771236098421],[-71.576907999847364,42.014098000198729],[-71.563665021555849,42.014282972934751],[-71.559438999709656,42.014342000283136],[-71.553614863294911,42.014462021054449],[-71.553360975141103,42.014467253011453],[-71.538036205975857,42.014783059119118],[-71.528928066935919,42.014970755611316],[-71.52769996124637,42.014996063553582],[-71.527606000162606,42.014997999741851],[-71.527305999688636,42.015098000017332],[-71.524641187822468,42.015299872203514],[-71.511633399252119,42.016285272942795],[-71.50205550330233,42.017010844181861],[-71.502049541183794,42.017011295344147],[-71.500905000375241,42.01709799987043],[-71.499905000292529,42.01719800018094],[-71.49825830124017,42.017220233203304],[-71.498167000067951,42.024669999674778],[-71.497900999929158,42.031512999981508],[-71.498259999954371,42.031590000313855],[-71.498261999604182,42.034383000201956],[-71.498305999985106,42.058195999758425],[-71.498286999718545,42.064877999984532],[-71.498269000175199,42.075750999833588],[-71.498235999664914,42.088562999828909],[-71.498126999884974,42.093415000284153],[-71.49553000004299,42.099961999838619],[-71.49693000015877,42.102356999960165],[-71.499689000382475,42.103489999734855],[-71.501225000042396,42.105944999830506],[-71.500599000053484,42.10745699996653],[-71.503077999894714,42.110285000161412],[-71.501262999677223,42.111685000086005],[-71.501393000271875,42.116677000279751],[-71.495756999823712,42.120656999910182],[-71.489881000074348,42.124734000146361],[-71.478522000037714,42.131377999924169],[-71.478284000386338,42.146876999699643],[-71.478158999814553,42.154017000022513],[-71.47811899963159,42.156782000179632],[-71.478096000065364,42.158660999980881],[-71.478026999570062,42.165870999992656],[-71.493135999692271,42.16620999986003],[-71.497377999872427,42.166643000142109],[-71.502625999983081,42.191415999756799],[-71.50689400010252,42.188927000313569],[-71.523219000217495,42.189332000190646],[-71.535889999608059,42.189648999863493],[-71.53927700036877,42.189730000186266],[-71.555738000027887,42.182503000222077],[-71.555066999833144,42.184475999974552],[-71.556446999857457,42.186614000085648],[-71.555816999670611,42.18984300031525],[-71.556781999593213,42.192450000085721],[-71.572270999657007,42.192732999682995],[-71.571547999583743,42.194652999976554],[-71.578225000122487,42.195201999928358],[-71.582909999993433,42.195559000043836],[-71.589215999913108,42.202905999885004],[-71.602221000112834,42.218101000046964],[-71.599317999949093,42.225959000228059],[-71.592868000089396,42.243211000113128],[-71.589855000320796,42.251265000036717],[-71.586758999813213,42.259544999945341],[-71.564563999796661,42.266865999680022],[-71.558533000236579,42.267819000158916],[-71.558503000099364,42.267538000243107],[-71.556584000124801,42.268133999876561],[-71.552412000264852,42.267430999683278],[-71.550114999998527,42.266023000050275],[-71.54794900015176,42.265937000020593],[-71.544618000365844,42.264476000034762],[-71.541691999737566,42.263965999898993],[-71.539632000196022,42.26279299968644],[-71.538011000147293,42.264562999915839],[-71.533937000196616,42.265266000181967],[-71.532255000048536,42.26610599981305],[-71.527995000325035,42.266525000263272],[-71.524930999604507,42.265905000103253],[-71.522384999816126,42.266436999942812],[-71.5221780001269,42.266454000255997],[-71.518221000352085,42.267715000149202],[-71.513882000087563,42.267584999729571],[-71.510540000430993,42.266227000192558],[-71.510225999713342,42.265518000315772],[-71.508984999606199,42.264485999904906],[-71.506478000175889,42.264276000303731],[-71.505928000354984,42.266578000094825],[-71.505882000324235,42.272938000043773],[-71.499574999681343,42.284991999777809],[-71.49901499981469,42.286062000127473],[-71.49704599961143,42.289829000021783],[-71.493181999723035,42.297281999956979],[-71.489896999967883,42.303654999856512],[-71.486350000271912,42.310449000049537],[-71.485109000164769,42.323163999686678],[-71.486743999558882,42.329937000298052],[-71.486797000160649,42.330189000103253],[-71.508216000400495,42.327927999946517],[-71.511238000389909,42.328805000294132],[-71.516526999610107,42.330335999855443],[-71.531882999604534,42.328586999899429],[-71.537315999663122,42.327968999822453],[-71.551125999951878,42.326394999821318],[-71.569084999636061,42.320372999758369],[-71.57030800019983,42.319660999805642],[-71.578250000236849,42.315016999913482],[-71.585209999734488,42.310952000206036],[-71.592502000391491,42.317901000271561],[-71.597362999989514,42.321015999898059],[-71.601884999653862,42.326971000060801],[-71.605265999668475,42.330160000034802],[-71.603591000091399,42.331676000076278],[-71.603960000162346,42.335340999920831],[-71.604099000079515,42.336769000233168],[-71.611528999930428,42.338993000011243],[-71.618259999997548,42.342588999754788],[-71.620657999647904,42.345248999934995],[-71.625824999567683,42.349724000171463],[-71.624702000359662,42.350464999777458],[-71.610006999615933,42.357403000108441],[-71.603064999661612,42.367266999695438],[-71.607758999753386,42.370021999773584],[-71.587939999645869,42.382190000140803],[-71.580185999929853,42.3869760000292],[-71.602536999582014,42.396941999816633],[-71.604251000415474,42.397703000331518],[-71.60263100019165,42.398499999980068],[-71.585259999963213,42.407097000077691],[-71.579094999610547,42.408238999805022],[-71.564583999888129,42.410927999670669],[-71.559099999775924,42.411942999679951],[-71.550701999629354,42.441067000181867],[-71.548903000203694,42.447308000041993],[-71.543393999977155,42.46645199975319],[-71.560366999822321,42.474349999950327],[-71.5506909997587,42.4891409998502],[-71.534855000263562,42.513330000084267],[-71.532717999830794,42.514650000070354],[-71.52984099960635,42.519841000239275],[-71.531377000164582,42.520352000210551],[-71.533759999746309,42.527654000059421],[-71.538780000251307,42.543029999737961],[-71.556019000235281,42.546119000160182],[-71.575409999822298,42.549593000065954],[-71.577939999717145,42.550046000078495],[-71.580287000212181,42.55046700010238],[-71.588558999962075,42.546295000027634],[-71.591124000017018,42.54450399981706],[-71.593012000029432,42.543894999937933],[-71.593188999581429,42.543833999883525],[-71.594623999857333,42.543378000301338],[-71.602289999709811,42.545203999870701],[-71.607851999639806,42.545379999670509],[-71.619927000077027,42.552501999986653],[-71.621097000039057,42.551933999883722],[-71.625125999783876,42.550098999802309],[-71.628475000011434,42.548000999754436],[-71.632016999684552,42.544518000292157],[-71.634011000002175,42.540875999877549],[-71.635884999770894,42.540000999811639],[-71.636432000117068,42.534366999968178],[-71.636649999676962,42.533127000280302],[-71.639206000409374,42.530956999673698],[-71.638937999722444,42.528782999984379],[-71.635868999877374,42.524024000218624],[-71.665328000063496,42.528396999675273],[-71.67574100044412,42.529950999864063],[-71.678969000297869,42.530430000205676],[-71.677691000380818,42.539410999907041],[-71.671901999771791,42.571402999761496],[-71.668028999662567,42.59271899974253],[-71.664600999792285,42.611598000287444],[-71.694160000435843,42.620275000211471],[-71.70133900021662,42.622381000162804],[-71.732257000069765,42.631453999900415],[-71.775754999975206,42.644230000119244],[-71.775324999804909,42.636662999893936],[-71.794185999662488,42.637024999695605],[-71.844843000155535,42.637984999987623],[-71.858482999666677,42.633815000024605],[-71.856813999937373,42.660836000003123],[-71.856392999987889,42.667642999931765],[-71.857757000118681,42.674981999678167],[-71.863754000241869,42.679550999833992],[-71.865751000034223,42.684111000199088],[-71.869778000129216,42.683647000117908],[-71.877449999829494,42.689286000174995],[-71.897103000255655,42.703727999818476],[-71.898770029081206,42.711421882397772],[-71.92881100012923,42.712234000142367],[-71.92901940478356,42.712238200731726],[-71.955866542501354,42.712779319279811],[-71.981401999767129,42.713293999687671],[-71.98142900312456,42.713294819461872],[-72.015729214819657,42.714335395934469],[-72.077672556914237,42.716214591756184],[-72.078626996242363,42.716243546501502],[-72.089326931101127,42.716568154210215],[-72.111058350125418,42.71722742758206],[-72.124525999764458,42.717635999698537],[-72.145399811560054,42.718152582184985],[-72.203569553928219,42.719592159774045],[-72.283032875552877,42.721558708580751],[-72.271956000414377,42.674671999737541],[-72.258536999937846,42.675424000285439],[-72.257325000143041,42.667940000118023],[-72.243494999762802,42.669247999817657],[-72.242108999890704,42.661641999676824],[-72.229480000332941,42.662665999784245],[-72.224931999831014,42.638936999952996],[-72.229077999751709,42.638354000308262],[-72.228211999563314,42.636493999758379],[-72.226451999597415,42.634946000260307],[-72.225314000320751,42.630426000160703],[-72.227797000359942,42.626497999943879],[-72.231175999826405,42.625862000022188],[-72.230544999814654,42.623781999739215],[-72.22906600005615,42.623998999995123],[-72.229856000076566,42.622083999865623],[-72.227549999589414,42.622074000062433],[-72.228334999586949,42.618857999740371],[-72.227763000024737,42.616222999677341],[-72.229945999589944,42.614388000122425],[-72.231959999999077,42.613950000303639],[-72.238409000033855,42.614620000245573],[-72.240009000166182,42.61372099974713],[-72.25177300025878,42.612138999810661],[-72.254745000019497,42.611614000151334],[-72.253310999568527,42.605336000036509],[-72.256329000258305,42.605122000031017],[-72.258809999749332,42.603720000077686],[-72.260046999658499,42.601142999864962],[-72.262154999778943,42.600250999847944],[-72.265447000105112,42.600957000095306],[-72.267063999955866,42.600812999679029],[-72.263061000150316,42.583433000217916],[-72.261332999971472,42.575921999777286],[-72.263463999658129,42.575956999876958],[-72.265397999701293,42.577610999767444],[-72.268613999859483,42.577871999961857],[-72.270003999929543,42.576337000073273],[-72.271390999626533,42.576273000077002],[-72.271811999576002,42.578301000021639],[-72.273225999935505,42.579342000140358],[-72.273845000251697,42.577432999902911],[-72.275072000115117,42.576693000259219],[-72.276433999697758,42.577373999891464],[-72.276659999653575,42.570438000248508],[-72.274099999621512,42.562568000058171],[-72.273589999983585,42.560998999883395],[-72.271352000166772,42.547227000049233],[-72.269110999976959,42.533424999808084],[-72.244868000114394,42.513438999843963],[-72.291287999551841,42.479525000039907],[-72.283259000374514,42.441188999988739],[-72.287339999997869,42.438457999951552],[-72.287278000073599,42.437245999756271],[-72.290726000035363,42.437339999806937],[-72.288673999991417,42.43557500012156],[-72.290888000417084,42.434044999938067],[-72.292090999991061,42.429965999937266],[-72.29355600040418,42.430021999689913],[-72.297096000427459,42.426592999706166],[-72.300329000304075,42.424561999974507],[-72.302456999617704,42.424019000023861],[-72.301285000005862,42.423618999805711],[-72.30099200010288,42.421945000232711],[-72.302279000240773,42.420315999841748],[-72.305610000026675,42.420356999795558],[-72.3066810002545,42.419200999844847],[-72.306481000237952,42.416467999769964],[-72.308616000122598,42.414690999813473],[-72.309302000385941,42.410857000025707],[-72.310273000156315,42.410674000206022],[-72.31035699982192,42.407928999862499],[-72.313572000155162,42.406639999754645],[-72.312568999699423,42.403502999830266],[-72.314039999960315,42.39918300000371],[-72.315087999723602,42.398856000040006],[-72.313630999706405,42.396404000268987]]]},"properties":{"NAME":"Worcester County","GEOID":"25027","BASENAME":"Worcester"}},{"type":"Feature","geometry":{"type":"Polygon","coordinates":[[[-71.898770029081206,42.711421882397772],[-71.897103000255655,42.703727999818476],[-71.877449999829494,42.689286000174995],[-71.869778000129216,42.683647000117908],[-71.865751000034223,42.684111000199088],[-71.863754000241869,42.679550999833992],[-71.857757000118681,42.674981999678167],[-71.856392999987889,42.667642999931765],[-71.856813999937373,42.660836000003123],[-71.858482999666677,42.633815000024605],[-71.844843000155535,42.637984999987623],[-71.794185999662488,42.637024999695605],[-71.775324999804909,42.636662999893936],[-71.775754999975206,42.644230000119244],[-71.732257000069765,42.631453999900415],[-71.70133900021662,42.622381000162804],[-71.694160000435843,42.620275000211471],[-71.664600999792285,42.611598000287444],[-71.668028999662567,42.59271899974253],[-71.671901999771791,42.571402999761496],[-71.677691000380818,42.539410999907041],[-71.678969000297869,42.530430000205676],[-71.67574100044412,42.529950999864063],[-71.665328000063496,42.528396999675273],[-71.635868999877374,42.524024000218624],[-71.638937999722444,42.528782999984379],[-71.639206000409374,42.530956999673698],[-71.636649999676962,42.533127000280302],[-71.636432000117068,42.534366999968178],[-71.635884999770894,42.540000999811639],[-71.634011000002175,42.540875999877549],[-71.632016999684552,42.544518000292157],[-71.628475000011434,42.548000999754436],[-71.625125999783876,42.550098999802309],[-71.621097000039057,42.551933999883722],[-71.619927000077027,42.552501999986653],[-71.607851999639806,42.545379999670509],[-71.602289999709811,42.545203999870701],[-71.594623999857333,42.543378000301338],[-71.593188999581429,42.543833999883525],[-71.593012000029432,42.543894999937933],[-71.591124000017018,42.54450399981706],[-71.588558999962075,42.546295000027634],[-71.580287000212181,42.55046700010238],[-71.577939999717145,42.550046000078495],[-71.575409999822298,42.549593000065954],[-71.556019000235281,42.546119000160182],[-71.538780000251307,42.543029999737961],[-71.533759999746309,42.527654000059421],[-71.531377000164582,42.520352000210551],[-71.52984099960635,42.519841000239275],[-71.532717999830794,42.514650000070354],[-71.534855000263562,42.513330000084267],[-71.5506909997587,42.4891409998502],[-71.560366999822321,42.474349999950327],[-71.543393999977155,42.46645199975319],[-71.548903000203694,42.447308000041993],[-71.550701999629354,42.441067000181867],[-71.559099999775924,42.411942999679951],[-71.564583999888129,42.410927999670669],[-71.579094999610547,42.408238999805022],[-71.585259999963213,42.407097000077691],[-71.60263100019165,42.398499999980068],[-71.604251000415474,42.397703000331518],[-71.602536999582014,42.396941999816633],[-71.580185999929853,42.3869760000292],[-71.587939999645869,42.382190000140803],[-71.607758999753386,42.370021999773584],[-71.603064999661612,42.367266999695438],[-71.610006999615933,42.357403000108441],[-71.624702000359662,42.350464999777458],[-71.625824999567683,42.349724000171463],[-71.620657999647904,42.345248999934995],[-71.618259999997548,42.342588999754788],[-71.611528999930428,42.338993000011243],[-71.604099000079515,42.336769000233168],[-71.603960000162346,42.335340999920831],[-71.603591000091399,42.331676000076278],[-71.605265999668475,42.330160000034802],[-71.601884999653862,42.326971000060801],[-71.597362999989514,42.321015999898059],[-71.592502000391491,42.317901000271561],[-71.585209999734488,42.310952000206036],[-71.578250000236849,42.315016999913482],[-71.57030800019983,42.319660999805642],[-71.569084999636061,42.320372999758369],[-71.551125999951878,42.326394999821318],[-71.537315999663122,42.327968999822453],[-71.531882999604534,42.328586999899429],[-71.516526999610107,42.330335999855443],[-71.511238000389909,42.328805000294132],[-71.508216000400495,42.327927999946517],[-71.486797000160649,42.330189000103253],[-71.486743999558882,42.329937000298052],[-71.485109000164769,42.323163999686678],[-71.486350000271912,42.310449000049537],[-71.489896999967883,42.303654999856512],[-71.493181999723035,42.297281999956979],[-71.49704599961143,42.289829000021783],[-71.49901499981469,42.286062000127473],[-71.499574999681343,42.284991999777809],[-71.505882000324235,42.272938000043773],[-71.505928000354984,42.266578000094825],[-71.506478000175889,42.264276000303731],[-71.508984999606199,42.264485999904906],[-71.510225999713342,42.265518000315772],[-71.510540000430993,42.266227000192558],[-71.513882000087563,42.267584999729571],[-71.518221000352085,42.267715000149202],[-71.5221780001269,42.266454000255997],[-71.522384999816126,42.266436999942812],[-71.524930999604507,42.265905000103253],[-71.527995000325035,42.266525000263272],[-71.532255000048536,42.26610599981305],[-71.533937000196616,42.265266000181967],[-71.538011000147293,42.264562999915839],[-71.539632000196022,42.26279299968644],[-71.541691999737566,42.263965999898993],[-71.544618000365844,42.264476000034762],[-71.54794900015176,42.265937000020593],[-71.550114999998527,42.266023000050275],[-71.552412000264852,42.267430999683278],[-71.556584000124801,42.268133999876561],[-71.558503000099364,42.267538000243107],[-71.558533000236579,42.267819000158916],[-71.564563999796661,42.266865999680022],[-71.586758999813213,42.259544999945341],[-71.589855000320796,42.251265000036717],[-71.592868000089396,42.243211000113128],[-71.599317999949093,42.225959000228059],[-71.602221000112834,42.218101000046964],[-71.589215999913108,42.202905999885004],[-71.582909999993433,42.195559000043836],[-71.578225000122487,42.195201999928358],[-71.571547999583743,42.194652999976554],[-71.572270999657007,42.192732999682995],[-71.556781999593213,42.192450000085721],[-71.555816999670611,42.18984300031525],[-71.556446999857457,42.186614000085648],[-71.555066999833144,42.184475999974552],[-71.555738000027887,42.182503000222077],[-71.53927700036877,42.189730000186266],[-71.535889999608059,42.189648999863493],[-71.523219000217495,42.189332000190646],[-71.50689400010252,42.188927000313569],[-71.502625999983081,42.191415999756799],[-71.497377999872427,42.166643000142109],[-71.493135999692271,42.16620999986003],[-71.478026999570062,42.165870999992656],[-71.478096000065364,42.158660999980881],[-71.47811899963159,42.156782000179632],[-71.47274400019765,42.156873000259104],[-71.464004999569198,42.158198999699806],[-71.444066999636007,42.174888999863427],[-71.430174000404875,42.179386000176251],[-71.426624000335849,42.179311999685694],[-71.423730000392951,42.179252999871174],[-71.423549999569587,42.178130999702745],[-71.402295000259571,42.178793999818005],[-71.403138999808363,42.182609999704596],[-71.404426999771161,42.18843300014386],[-71.384765000022483,42.192013999764427],[-71.378391000330737,42.193471999700108],[-71.361985999849821,42.195760999885081],[-71.344170000280769,42.200703000206886],[-71.346814999803328,42.203556999853454],[-71.346541000166951,42.204641000062551],[-71.350699999608125,42.205782999914824],[-71.352155999800402,42.207370999946129],[-71.351478999757873,42.211545999747756],[-71.349983000280929,42.2139510001521],[-71.348316000201464,42.214889000163211],[-71.346809999780476,42.215588999971445],[-71.339954000039882,42.21387300024162],[-71.338505000418607,42.215229999982085],[-71.338623000419389,42.216893999751107],[-71.340965999818152,42.218108000179797],[-71.34316600000011,42.220612999989498],[-71.341657000104377,42.221921999845449],[-71.341011999848902,42.224472000058569],[-71.336746000277628,42.227493000060825],[-71.333581000173055,42.230396999693433],[-71.331730999795482,42.231437000239701],[-71.329694999645056,42.233328000173046],[-71.331185000172525,42.237584999682873],[-71.330776999743534,42.241051000120393],[-71.329771999637941,42.242592999887997],[-71.329436000077294,42.245301999739191],[-71.332433999777265,42.247728999767681],[-71.33249599970155,42.249075000214418],[-71.302921999887687,42.24827400013627],[-71.30583199972412,42.260080999960309],[-71.30846000042655,42.270708999972143],[-71.321540999895944,42.293686000297292],[-71.321658000071807,42.293894000149344],[-71.323662000435178,42.297415000234601],[-71.326351000338661,42.304288999755741],[-71.326395999646209,42.304402000158241],[-71.329749999896649,42.312990999690989],[-71.32732700013193,42.313746000032786],[-71.317208000377519,42.316257000139828],[-71.305980999687023,42.319068999979756],[-71.291793000004802,42.322602000115374],[-71.281369999578445,42.325225999734059],[-71.269957999838354,42.32808600024493],[-71.265687000244199,42.327242000017478],[-71.26309200005204,42.326052000070973],[-71.258998999834802,42.326341000296402],[-71.258474000128246,42.32529999991543],[-71.257396000227743,42.32448200018176],[-71.25459400034633,42.325286000192932],[-71.252937000312599,42.326755999869981],[-71.24918999970177,42.323638000086056],[-71.246798999724106,42.321061000103924],[-71.246145999971034,42.321012999706056],[-71.24078900008044,42.320897999987643],[-71.238786000440314,42.321798999950879],[-71.234420000411589,42.320809000263459],[-71.231143999978954,42.320841000193717],[-71.228727000062023,42.319277999986646],[-71.228034999950893,42.316837999967383],[-71.227542999856297,42.315399999760579],[-71.226285999855634,42.314117000218324],[-71.227068000378466,42.312397999802123],[-71.226310999969996,42.31028400009869],[-71.226688000436866,42.308249999732169],[-71.224109999963147,42.30729999969666],[-71.22050800001557,42.306407000236888],[-71.218189999832845,42.306795999741261],[-71.213274999808135,42.306160999985906],[-71.21128899988642,42.303106000227864],[-71.211252999901419,42.302266000123694],[-71.211565000070948,42.299730000330726],[-71.207881000107619,42.297157000064459],[-71.206349999572254,42.294266999815193],[-71.205239999884697,42.289568000309785],[-71.202975000303738,42.288574000146262],[-71.201590000256559,42.288633000192739],[-71.196732000133267,42.286078000287951],[-71.195793000149919,42.286195999684566],[-71.195268000443363,42.287964999850594],[-71.193219999699068,42.288013999679677],[-71.190885999622807,42.285823000071048],[-71.191247000196157,42.282992000145505],[-71.190904000064478,42.283248000079418],[-71.178636000181726,42.294595000102717],[-71.169807999864815,42.300442999812503],[-71.1647020000444,42.303830000180533],[-71.16642000017751,42.304747000091155],[-71.169800000367218,42.307607000026415],[-71.178934999932466,42.314316000132884],[-71.173715000309215,42.318050999844814],[-71.171720000166687,42.319490000228235],[-71.170484999907359,42.321537999908948],[-71.169222999883814,42.321993999733635],[-71.16734800029019,42.322641000286715],[-71.164599000112233,42.324632000006901],[-71.157036000191923,42.330389999935655],[-71.160916999798729,42.333638999696447],[-71.16273200001622,42.333961000238503],[-71.167565000025164,42.33344099988507],[-71.168885999599937,42.33582600009327],[-71.168935999828633,42.338448999903896],[-71.166739999844637,42.33985399969103],[-71.166698999836768,42.340008999961363],[-71.174265000130148,42.349584000074721],[-71.174798000232613,42.350265000194376],[-71.173935000417245,42.353396999855626],[-71.171387000080756,42.35608900001985],[-71.169473999953979,42.358046999771133],[-71.167625000299637,42.360073000020883],[-71.163887999734541,42.358523000186324],[-71.161507999627531,42.358972000284098],[-71.159746000011808,42.359780999810219],[-71.154475000334941,42.36003599982147],[-71.148331999723567,42.361118999872772],[-71.147170000157487,42.361753999894894],[-71.144492000124629,42.364822000280192],[-71.143666999944116,42.365081000074504],[-71.139891999744208,42.364440000267187],[-71.136658000042658,42.366751999808336],[-71.132373000204808,42.368891000179502],[-71.131762000284525,42.369863999986627],[-71.133179000118744,42.372338000143699],[-71.130997000378471,42.3738920000403],[-71.12820299999467,42.373571999840884],[-71.123204000304369,42.368937999688491],[-71.118959999576077,42.368760000020778],[-71.117229999747408,42.367366999725334],[-71.116920999950906,42.364246000264394],[-71.116936000019521,42.363677000181255],[-71.116704000215947,42.361255000253429],[-71.116597000085818,42.359184999842711],[-71.116680999751409,42.358735999939327],[-71.117165000348393,42.356996999714305],[-71.116852000353944,42.355384999974319],[-71.113195999979709,42.353110000027364],[-71.110589000091977,42.352615999698529],[-71.110358000113308,42.352586000230808],[-71.104315999784262,42.352402999781859],[-71.103032000019439,42.352513999856555],[-71.097890000214008,42.353119999768126],[-71.093001999953472,42.35389399997208],[-71.091235000314882,42.35433799984704],[-71.087511000168575,42.355556999955311],[-71.085175000442504,42.356333000130164],[-71.077952000280803,42.358735000253809],[-71.076091999857482,42.360379999740623],[-71.075656999664304,42.361612999740764],[-71.07479200019911,42.363773000203231],[-71.071536999682891,42.36710999983184],[-71.070643999730294,42.367949000217614],[-71.070575000133317,42.368015000281993],[-71.069477999966239,42.369045999867438],[-71.064059000151374,42.369001000147314],[-71.067114999577655,42.371815999697183],[-71.070544999996088,42.372355999875758],[-71.072465999620476,42.372657999993883],[-71.072689000101548,42.37322199976758],[-71.075656999664304,42.380196000061055],[-71.080700999560449,42.381039000144533],[-71.080932000437443,42.382133000164849],[-71.079427999666251,42.383319999832224],[-71.078727000232618,42.384306000289925],[-71.077637999563137,42.385837999784805],[-71.077404999934629,42.386166999726527],[-71.073495999840418,42.391795999917122],[-71.07269599977424,42.390795999934888],[-71.069322000330615,42.394021999972594],[-71.066943999873445,42.394754999724732],[-71.067081999965708,42.394049999983721],[-71.07069599960883,42.38959600015702],[-71.070895999625364,42.388996000290291],[-71.065695000268718,42.386595999869911],[-71.057395000031406,42.387297000159485],[-71.055523999737431,42.387119000108108],[-71.055295000306884,42.387096999708845],[-71.050694999926435,42.39199599999202],[-71.050001999990414,42.393470999936689],[-71.0532969997913,42.396178000101848],[-71.051945000254406,42.397618999842997],[-71.048144999940135,42.396633999932213],[-71.046160999668231,42.398035000277382],[-71.046148000147767,42.398043999777904],[-71.040886999618323,42.401749000280219],[-71.040567999776087,42.401981999898148],[-71.03948700040084,42.403626000084238],[-71.039074999773888,42.404263000086566],[-71.03774300032849,42.406318000130128],[-71.03709700024811,42.407315000131511],[-71.035629000360245,42.409640999908987],[-71.034909999586631,42.410876000172138],[-71.03344199969878,42.413380000240792],[-71.033180999582868,42.414206000143722],[-71.032566000362948,42.415533000094122],[-71.031728999588537,42.417391999899515],[-71.031085999881199,42.418782000322267],[-71.029319000242623,42.421876999817194],[-71.028227000098397,42.424202000027073],[-71.024087999850408,42.43158200015889],[-71.02303599988916,42.433460000117321],[-71.023001999553983,42.433520999831174],[-71.021347999893294,42.436504999737856],[-71.021004999761615,42.437116999894464],[-71.020377000122906,42.438250000201535],[-71.024995999871607,42.443714999775132],[-71.025836000120748,42.444709000242042],[-71.027571999797189,42.446677999703752],[-71.039967999726471,42.460735000311907],[-71.041591000323336,42.462575999879988],[-71.046949000038836,42.468652999977252],[-71.047778000417324,42.469592999972299],[-71.053364999563371,42.475925000284455],[-71.054214000033326,42.476902999751012],[-71.052628999969613,42.48605699993464],[-71.050252000235659,42.48653299998567],[-71.046949000038836,42.487963999773243],[-71.045209000164419,42.488719999781779],[-71.041859000111941,42.493291999670333],[-71.039908000350337,42.495948999928181],[-71.040325000101845,42.496711999761203],[-71.042086999717569,42.498270999708957],[-71.043773999888529,42.50119900005997],[-71.042229000007779,42.50234299988076],[-71.038720999771542,42.502719999849475],[-71.035839000422541,42.505192000226394],[-71.034900000439208,42.506757999833091],[-71.036945999737043,42.510421000130492],[-71.036632999742608,42.51176600002907],[-71.036555999749709,42.512434999789619],[-71.039483000202878,42.514535999853187],[-71.038302000370209,42.516262000314995],[-71.040108000366857,42.517237000065847],[-71.04098899972557,42.51984700016471],[-71.040912999557605,42.521718000012498],[-71.038598999572827,42.523960000186975],[-71.040982999877798,42.526261999752947],[-71.057513000032188,42.524172999696908],[-71.058380000045503,42.523620999991508],[-71.06067300011388,42.525226999797084],[-71.061962999726489,42.524298999867092],[-71.065855000102275,42.524828000120337],[-71.066353999869563,42.524809999791103],[-71.067266999913628,42.524982999761498],[-71.075150000399418,42.53103500000735],[-71.07097799964113,42.555888999721041],[-71.064937000035329,42.562116000040959],[-71.057040000204168,42.574019000035058],[-71.053006000436469,42.572994000219303],[-71.052772000084744,42.571372000151143],[-71.051873000284374,42.572115000186081],[-71.049752999570046,42.571090999779329],[-71.044681000084822,42.57294900002853],[-71.044281000051726,42.573877000009922],[-71.041531999873797,42.573489999744417],[-71.040098000321123,42.571588999746183],[-71.037662999962535,42.571164000233111],[-71.036665000427959,42.571649000199073],[-71.035460000305847,42.570259000135593],[-71.030979999576005,42.57265400003196],[-71.028311999588908,42.574082000138276],[-71.033998000265797,42.585493000029118],[-71.057425000168649,42.604744000190365],[-71.059351999640796,42.606326999882455],[-71.05876599983489,42.609077000178729],[-71.076167000200556,42.604136000211092],[-71.089364999845813,42.603006999774969],[-71.110995999797751,42.601164000028028],[-71.121359999774569,42.600280000045601],[-71.135456000293587,42.599116000184019],[-71.141203000171515,42.603206999906163],[-71.143196999590842,42.604039000278931],[-71.145941999570823,42.608334999958622],[-71.148653000113939,42.613168000321309],[-71.154419000258443,42.61526800000054],[-71.156564000188808,42.614977000188702],[-71.158617000057674,42.612947999883829],[-71.15951699968295,42.607658999762457],[-71.160666999553484,42.605317999780098],[-71.163908999650943,42.601851999913329],[-71.164878999596411,42.598020999813777],[-71.181349000374667,42.608373000049212],[-71.182023000044126,42.608431000142765],[-71.177494999633709,42.608958000170929],[-71.178387999586292,42.610799000161343],[-71.176116000332627,42.614611000137216],[-71.172960000448896,42.615012000176655],[-71.171757999801528,42.616544999918368],[-71.175995999783709,42.618621000022458],[-71.176213000417007,42.618724000060872],[-71.198950999683461,42.629652000146422],[-71.229260999989393,42.644206999765537],[-71.239065000099558,42.648914999770206],[-71.25618799973256,42.657145000161513],[-71.254965999892008,42.657775000254809],[-71.251716000296966,42.660332000146482],[-71.250111999966663,42.660987000058746],[-71.244171999744879,42.661513999798714],[-71.242489999596785,42.662345999910919],[-71.240397000443281,42.666730000209853],[-71.238178999819667,42.669419000166393],[-71.238434000087778,42.670763000120573],[-71.244272000202329,42.693746000108113],[-71.245936999733658,42.700309000245589],[-71.247912999609611,42.708119000180233],[-71.251235999897943,42.721222000227314],[-71.25514699964198,42.736554000233738],[-71.255198770450107,42.736638343906066],[-71.255605000299695,42.736389000155846],[-71.266374565372772,42.727196344116969],[-71.267904999969502,42.72589000003169],[-71.275406885704427,42.71593285286486],[-71.27851688555738,42.711804993984579],[-71.278929000270395,42.711258000281546],[-71.288832513951107,42.702007977783339],[-71.294204999898881,42.69698999974775],[-71.313446645586737,42.697096894732645],[-71.313492216222798,42.697097148255565],[-71.330206000006243,42.697190000286859],[-71.330330636760308,42.697195544771262],[-71.351624238474699,42.698142888388837],[-71.351797292625989,42.698150587036068],[-71.351873999768088,42.698154000294139],[-71.365186652291385,42.698469482241492],[-71.367434834511926,42.698522759802238],[-71.369725041718056,42.698577032899138],[-71.386943026514274,42.698985063635462],[-71.388194833354277,42.699014728866658],[-71.432335697321435,42.700060776040978],[-71.432354013970084,42.700061210442314],[-71.449174167266293,42.70045981329671],[-71.451714345073285,42.700520009811605],[-71.457687763521974,42.700661567975978],[-71.467553246126798,42.700895359004292],[-71.488035033132391,42.701380735294286],[-71.488101021576526,42.701382299237792],[-71.542537731238212,42.702672336532679],[-71.542689618386461,42.702675936366504],[-71.567309278254385,42.703259371411256],[-71.619789600059377,42.704503046578317],[-71.630622319391861,42.704759759515397],[-71.631814000193273,42.704788000058755],[-71.636213999658864,42.70488799973257],[-71.651825916202995,42.705229714679291],[-71.672385090375386,42.705679716002507],[-71.70139166035689,42.706314614014204],[-71.726856504651437,42.706871991276024],[-71.745817000113263,42.707287000286151],[-71.772556878986123,42.708009877191124],[-71.805390068160406,42.70889747871739],[-71.823802474517947,42.709395233731648],[-71.898770029081206,42.711421882397772]]]},"properties":{"NAME":"Middlesex County","GEOID":"25017","BASENAME":"Middlesex"}},{"type":"Feature","geometry":{"type":"Polygon","coordinates":[[[-73.074845000023416,42.10614600024882],[-73.075035999819121,42.105195000164542],[-73.074167000155981,42.101867000050689],[-73.073086999707343,42.094212999737152],[-73.061804999663579,42.070638000007783],[-73.05815300038563,42.066753000048564],[-73.061741999914389,42.061939000293009],[-73.058011999920325,42.059479000117278],[-73.056128000105872,42.058890000303087],[-73.054650999997179,42.057600000160534],[-73.053905000357688,42.054990000263686],[-73.056549000055327,42.047418999993262],[-73.0558069997155,42.045046999688111],[-73.05328808592958,42.039861968327706],[-73.053254000254441,42.039861000278506],[-73.008764306987715,42.038860282403625],[-72.999548999832712,42.038653000191609],[-72.978978634448524,42.038510175703749],[-72.924229743157611,42.038130042062249],[-72.863733000385878,42.0377099999668],[-72.863638410481414,42.037709169991629],[-72.863618999684761,42.037708999860065],[-72.847142000132123,42.036893999724242],[-72.834969939423388,42.036749098982561],[-72.813541000223253,42.036494000017072],[-72.816735743546872,41.997658900839838],[-72.816740999589598,41.997594999859551],[-72.794900245713762,41.999953707097369],[-72.774759388223103,42.002128832711421],[-72.770645260528696,42.002573141093926],[-72.766739000296084,42.002995000112165],[-72.766139000246454,42.0076949997678],[-72.763265000395037,42.009741999809165],[-72.763237999732553,42.012794999794295],[-72.761237999567129,42.014595000328576],[-72.759737999892224,42.016995000107066],[-72.7613539999181,42.018182999775078],[-72.762309999619859,42.019775000178022],[-72.762150999611208,42.021527000056587],[-72.760558000049883,42.02184599974229],[-72.758151000178685,42.020865000313322],[-72.757466999565167,42.02094700004664],[-72.754037999869965,42.025395000118955],[-72.75173800012891,42.030195000056501],[-72.753538000277771,42.03209500007722],[-72.757537999710266,42.033294999975659],[-72.755838000018841,42.036194999715896],[-72.719252791346236,42.036557120670068],[-72.714557957617856,42.036603590763782],[-72.712827438562954,42.036620718971285],[-72.699402987109309,42.036753594526694],[-72.695927000134859,42.036788000307233],[-72.686080111758088,42.035968622864836],[-72.672963354848818,42.034877154257003],[-72.643133999932274,42.032394999840413],[-72.616904640821915,42.031202790453577],[-72.616903602369447,42.031202743078808],[-72.607990970871313,42.030797635078621],[-72.607932999891091,42.03079500008792],[-72.606956057765089,42.025128732782711],[-72.606932999808379,42.024995000113904],[-72.59023299977467,42.024695000126854],[-72.589826291123046,42.024695000126854],[-72.582331999745549,42.024695000126854],[-72.574189322362287,42.029567544293528],[-72.573230999617181,42.030140999895984],[-72.56342677852146,42.031044031914185],[-72.560975247364993,42.031269833787675],[-72.560958712075561,42.031271356452635],[-72.553054560756422,42.031999379621681],[-72.552858204306688,42.032017465228321],[-72.550111162456048,42.032270485694887],[-72.531494400151146,42.033985209207842],[-72.528130999929573,42.034295000154771],[-72.524615259808854,42.034280435441602],[-72.509204051153716,42.034216591263416],[-72.460120423829665,42.034013252529661],[-72.459691170159346,42.03401147438457],[-72.458291322757177,42.03400567489571],[-72.456680000258999,42.033999000011633],[-72.441494143874323,42.033771318922447],[-72.397433374596218,42.033110716411905],[-72.366991760321383,42.032654306166158],[-72.321821071305763,42.031977063023596],[-72.321266798199034,42.031968753181452],[-72.317148000163485,42.031906999824159],[-72.270656136401612,42.031713813850168],[-72.249522999848125,42.031626000272517],[-72.241290154966507,42.031526123406991],[-72.205080783442483,42.031086849497456],[-72.198832121190776,42.031011044272859],[-72.150088017518243,42.030419705970239],[-72.143230249893193,42.030336510713248],[-72.135714999921788,42.030245339577647],[-72.135490999615797,42.052929999845837],[-72.13538799968363,42.063146000078177],[-72.135180000169484,42.083514000263492],[-72.135112000397442,42.09066500020726],[-72.135082000260198,42.111444999724576],[-72.135085999559848,42.111802999713895],[-72.13504200007722,42.140601999709638],[-72.135011000115099,42.161784000223797],[-72.141886000122241,42.161000000103897],[-72.199348000302237,42.153707000140209],[-72.200626000219287,42.161286999937197],[-72.207907000107312,42.163879000165736],[-72.255924000202342,42.180976000249686],[-72.263923999965684,42.183830999938763],[-72.263749999888404,42.1883230000117],[-72.263132000295428,42.190109000021678],[-72.263276000235479,42.192600999828642],[-72.264397999618609,42.193529000261989],[-72.264691000419873,42.196724999980077],[-72.264108000088697,42.199500999932148],[-72.262791999638495,42.202534000123613],[-72.260158999811495,42.205869000110873],[-72.257504000243202,42.207809000289281],[-72.255673999957082,42.209706999730209],[-72.239127000084267,42.226811999766447],[-72.221217999730484,42.245251999791094],[-72.247013000044774,42.242093999974443],[-72.249754999651714,42.239017000024987],[-72.257613999848047,42.229874000100864],[-72.268231000443166,42.229310999677153],[-72.270547999902675,42.237126000286274],[-72.271439000205419,42.236367999740828],[-72.273771999558448,42.235846999693123],[-72.27766999978202,42.233102999963045],[-72.28129500019412,42.235020000239544],[-72.294492999839377,42.231433000058075],[-72.335968000013196,42.220158999697802],[-72.336320000365689,42.219545000189008],[-72.341679999731014,42.219231999757412],[-72.343207000068418,42.218649999842285],[-72.346193000072816,42.215977999982094],[-72.345540000319758,42.213161000017642],[-72.346547000075162,42.21078700004886],[-72.347393999996982,42.21014000026058],[-72.349304999575608,42.210214999977083],[-72.35036900013074,42.208526000006799],[-72.3523230002654,42.207014000022482],[-72.353714000160352,42.207015000121977],[-72.35501800001667,42.208853999996855],[-72.357337999849221,42.209003000330448],[-72.359038000438986,42.206511999963652],[-72.361477000097224,42.205424000083646],[-72.363292000314715,42.206029000102241],[-72.361990999933127,42.207327999887013],[-72.364667000316132,42.20726000007415],[-72.364978999587365,42.206692999861474],[-72.364602999843726,42.203149000145693],[-72.36347700026262,42.202039999831264],[-72.362646000234335,42.198522000077453],[-72.363853000006273,42.197954999973042],[-72.36352900014117,42.197018000316938],[-72.360999000246352,42.19725700024442],[-72.359859000421537,42.196320999824827],[-72.359384000045395,42.194250999823964],[-72.361275000430851,42.194629000208081],[-72.36166700006801,42.193484999786079],[-72.360158999997211,42.190144999916008],[-72.358219000106246,42.189801999720473],[-72.360765999719533,42.189522000109868],[-72.395478000039176,42.185737000274912],[-72.402922000133813,42.226275999751351],[-72.403947000330859,42.231847000216284],[-72.447119999647981,42.227254000105553],[-72.478334999602069,42.223810999772574],[-72.498061999648073,42.221633999919703],[-72.524289999607419,42.218733999989794],[-72.541264000175829,42.216986999713953],[-72.546355999752549,42.216489000204774],[-72.572202000120456,42.213804000163755],[-72.593448000107955,42.211557000052437],[-72.596166000323748,42.211785999971617],[-72.603802999863916,42.213867000295693],[-72.607926000218399,42.216230000107402],[-72.610749000016185,42.219419999783987],[-72.61163299974794,42.222771999829085],[-72.613564000316387,42.225582000166561],[-72.615126999740468,42.22681000019432],[-72.622462999880057,42.230210999888413],[-72.623190999976202,42.230911000123697],[-72.623656000306624,42.231656000151347],[-72.624032000050263,42.235358999787728],[-72.62134200032186,42.241819999965387],[-72.618008999987794,42.248368999974822],[-72.615070999663985,42.252014000025163],[-72.611554999930135,42.256913000113499],[-72.607780999555118,42.260579999870416],[-72.600231999878488,42.265384999835156],[-72.599173000244562,42.267380999993136],[-72.598815999869188,42.26990200018691],[-72.599364000040268,42.27533600002559],[-72.600375999818553,42.277393000045848],[-72.601209000395002,42.281258999703724],[-72.60523200029202,42.284463000311966],[-72.609948000125101,42.285224000330828],[-72.612006999841753,42.285572999742513],[-72.613138000344023,42.286264999702382],[-72.634585000172962,42.273942999704531],[-72.651841999700281,42.237639000174802],[-72.656535999792027,42.227739000171894],[-72.667770000155215,42.225455999931661],[-72.670033000086363,42.216504000111065],[-72.690514999992672,42.213075999772315],[-72.686245000223437,42.188828999700277],[-72.686861000166587,42.183389999705746],[-72.703391000320977,42.18627900012762],[-72.72609599997547,42.190206999981662],[-72.766555999997976,42.197234999976963],[-72.781039000131287,42.199748999720562],[-72.782111000184017,42.217270999797108],[-72.7919870002642,42.217301999836614],[-72.793291999945424,42.235274000158384],[-72.793414000144168,42.236853999905996],[-72.812576000300652,42.234954000292284],[-72.81342200039758,42.245003999781929],[-72.856670999882667,42.240579000294922],[-72.857634000155443,42.240479999758165],[-72.864279000008835,42.2322660001483],[-72.868470000135346,42.223656999935749],[-72.872180000037957,42.216439000047806],[-72.912301999951652,42.239132999895006],[-72.894565999850215,42.253812000287851],[-72.881183000257039,42.264903999973271],[-72.880601999575674,42.265382000315903],[-72.88520799980391,42.332611999977097],[-72.894787999608084,42.331491000279868],[-72.895637999902959,42.34070199989403],[-72.953271999612085,42.343830000280938],[-72.953824999806031,42.343859999943902],[-73.000277999753763,42.312596999837659],[-73.001850000296997,42.251016999728236],[-73.004293999978103,42.251346999881335],[-73.007866999613341,42.238408999970382],[-73.034919999753214,42.143652000061572],[-73.071113000379512,42.14820599986561],[-73.070405000374848,42.146956000092544],[-73.070418999720246,42.144748999877272],[-73.07213000018065,42.14354799993054],[-73.070545999941857,42.140159999994744],[-73.069181999811065,42.138966999679255],[-73.068499999745683,42.135498000040997],[-73.069442000102072,42.134985999914143],[-73.069827000066553,42.133228000295517],[-73.069284999743232,42.13086899971627],[-73.067205999935112,42.127351000236459],[-73.066574000098427,42.124791000030577],[-73.064260000113663,42.122775000135313],[-73.06138399971411,42.119388999936362],[-73.061206000337194,42.118111999685397],[-73.063352999917385,42.115850000276154],[-73.065744999719954,42.114777999964041],[-73.069227000016923,42.11392599985988],[-73.072671999605646,42.11168399981149],[-73.072896999736543,42.110335000310371],[-73.071837000277696,42.109355999709926],[-73.07186700041494,42.108162999683636],[-73.072889000238931,42.107017000251332],[-73.074845000023416,42.10614600024882]]]},"properties":{"NAME":"Hampden County","GEOID":"25013","BASENAME":"Hampden"}},{"type":"Feature","geometry":{"type":"Polygon","coordinates":[[[-73.508142000003161,42.086257000286274],[-73.50304194253836,42.069692114322542],[-73.496879000225988,42.049675000021097],[-73.487313999592118,42.049637999694696],[-73.4367542183724,42.050518357209924],[-73.432812000375577,42.050586999758323],[-73.42616817102703,42.050414029466147],[-73.34053042662066,42.048184473099695],[-73.327730831600547,42.047851238768892],[-73.325626584641356,42.047796455119311],[-73.296329965722606,42.047033725726422],[-73.294420000104864,42.046983999879309],[-73.293096999981969,42.046940000257067],[-73.233363151465298,42.045019189385393],[-73.232959186268545,42.045006198831793],[-73.231056000236237,42.044944999833106],[-73.229798000410682,42.044877000283556],[-73.172125278821227,42.043238392066009],[-73.127277500014259,42.041964168728498],[-73.05328808592958,42.039861968327706],[-73.0558069997155,42.045046999688111],[-73.056549000055327,42.047418999993262],[-73.053905000357688,42.054990000263686],[-73.054650999997179,42.057600000160534],[-73.056128000105872,42.058890000303087],[-73.058011999920325,42.059479000117278],[-73.061741999914389,42.061939000293009],[-73.05815300038563,42.066753000048564],[-73.061804999663579,42.070638000007783],[-73.073086999707343,42.094212999737152],[-73.074167000155981,42.101867000050689],[-73.075035999819121,42.105195000164542],[-73.074845000023416,42.10614600024882],[-73.072889000238931,42.107017000251332],[-73.07186700041494,42.108162999683636],[-73.071837000277696,42.109355999709926],[-73.072896999736543,42.110335000310371],[-73.072671999605646,42.11168399981149],[-73.069227000016923,42.11392599985988],[-73.065744999719954,42.114777999964041],[-73.063352999917385,42.115850000276154],[-73.061206000337194,42.118111999685397],[-73.06138399971411,42.119388999936362],[-73.064260000113663,42.122775000135313],[-73.066574000098427,42.124791000030577],[-73.067205999935112,42.127351000236459],[-73.069284999743232,42.13086899971627],[-73.069827000066553,42.133228000295517],[-73.069442000102072,42.134985999914143],[-73.068499999745683,42.135498000040997],[-73.069181999811065,42.138966999679255],[-73.070545999941857,42.140159999994744],[-73.07213000018065,42.14354799993054],[-73.070418999720246,42.144748999877272],[-73.070405000374848,42.146956000092544],[-73.071113000379512,42.14820599986561],[-73.034919999753214,42.143652000061572],[-73.007866999613341,42.238408999970382],[-73.004293999978103,42.251346999881335],[-73.001850000296997,42.251016999728236],[-73.000277999753763,42.312596999837659],[-73.001908999848226,42.311785000301661],[-73.002193000428676,42.310239000157786],[-73.003329999880407,42.309784999781328],[-73.003714000019983,42.307729000271877],[-73.005808999721623,42.306471000112197],[-73.005354000335274,42.305199999726064],[-73.006611000335923,42.304793999729689],[-73.010249000268487,42.304681999911359],[-73.012742000353413,42.306767000183882],[-73.014329999891856,42.309036999765731],[-73.016858000136864,42.311088999953682],[-73.018240999635907,42.309004999811883],[-73.020146000265072,42.308259000140175],[-73.022072999737219,42.30950500013784],[-73.025069999612299,42.309092999811782],[-73.026140999840123,42.308014000310699],[-73.029398000006182,42.308568000081166],[-73.031281999820635,42.309301999733705],[-73.034163000243069,42.312120000014261],[-73.036127000423477,42.313561999725714],[-73.038954000419238,42.314955000190785],[-73.039628999913603,42.318631000055909],[-73.040752000019964,42.32018299976616],[-73.045445000286819,42.319396000278189],[-73.046674999624997,42.320744999689914],[-73.049016000272246,42.321417999755361],[-73.052655999854636,42.324288999942588],[-73.056765999790315,42.325944999928751],[-73.062885999937151,42.328950999800895],[-73.064287999702756,42.339731999972102],[-73.068508000141591,42.380719999865782],[-73.065772000382466,42.389111000200351],[-73.011682999821161,42.379683000039286],[-73.009085000154258,42.387734000306963],[-72.992642999863421,42.449094000302132],[-72.988126000221968,42.466947000233738],[-72.986473000386184,42.466705999852834],[-72.979283999661362,42.497857000328914],[-72.968583000298963,42.540012000316715],[-72.979035999964239,42.541617000231483],[-72.975408999902328,42.556037000089106],[-72.954598999932941,42.628653999940198],[-72.951038999818167,42.641006000132144],[-72.95109599971957,42.64135600016408],[-72.952912999586886,42.650895000011481],[-72.954275000067852,42.65171299996728],[-72.95557300007637,42.654513000327867],[-72.955532999893393,42.659374000192415],[-72.95435799990851,42.662460999765969],[-72.95472100013167,42.665624000312654],[-72.957431999776475,42.666971999962009],[-72.96044299989525,42.667387000182593],[-72.962094000081208,42.667022999931525],[-72.963947999758417,42.664294000223016],[-72.968763000224016,42.664246999717712],[-72.972844999672304,42.662721999923015],[-72.97520899988578,42.660824000179886],[-72.976554999574887,42.661232000138739],[-72.980037999696762,42.664108000165704],[-72.982406000108213,42.665201000232493],[-72.985529000379969,42.665938000078711],[-72.988583999981358,42.667375999687259],[-72.993268000027399,42.671046000126672],[-72.995539000354441,42.673156000318379],[-72.994664999770137,42.674322000268255],[-72.98925099997814,42.67423300019081],[-72.988532999927727,42.67533200005353],[-72.989772000385045,42.678219000151373],[-72.988896999975807,42.678662999916128],[-72.983884000041797,42.679385000205464],[-72.977256999731779,42.679050999903367],[-72.975825999653836,42.679421999997984],[-72.975609999743781,42.680424000101731],[-72.976987000293349,42.682792999679492],[-72.977495000281479,42.685913000032883],[-72.973520000064994,42.68880800002465],[-72.971584000372005,42.689055000111296],[-72.96380200016857,42.687492000211392],[-72.961375000205891,42.688224999699734],[-72.959334999857504,42.689517999728757],[-72.95738699957063,42.690112999916998],[-72.954352999885657,42.690276000244623],[-72.952948999571902,42.691294000118738],[-72.951647000263705,42.693950999939204],[-72.951735999952177,42.695652999681236],[-72.953880000057637,42.698157999813738],[-72.951690999746333,42.700510000169466],[-72.950228999706255,42.701164999837069],[-72.948703000092081,42.703634999788832],[-72.949638999702373,42.705111000194208],[-72.997877999555257,42.70126399990535],[-73.023708999854577,42.702689999680125],[-73.02301499560204,42.741135224333334],[-73.042195195626192,42.741516127705459],[-73.048442884104119,42.741640201567321],[-73.079419528673981,42.742255373054341],[-73.089901607703311,42.742463539063195],[-73.142670427055066,42.743511485602703],[-73.163642086046366,42.743927966158971],[-73.213170274333166,42.744911556622476],[-73.264956999720766,42.745940000083664],[-73.273102434931957,42.723993927174526],[-73.27414505917659,42.721184806228614],[-73.307004075813595,42.632653451581568],[-73.312549677896399,42.617712052812315],[-73.341644486693326,42.539322525022605],[-73.347276444722695,42.524148460757154],[-73.352526999642009,42.510002000128544],[-73.382123060282623,42.429410908916125],[-73.383565812121105,42.425482246403654],[-73.388684075741764,42.411545038834369],[-73.39155614691029,42.40372429053221],[-73.400626511792524,42.379025373750501],[-73.410644407060033,42.351746299434701],[-73.411974025969954,42.348125702961326],[-73.414076883235396,42.342399549569429],[-73.4310836615319,42.296089507818799],[-73.431400343720668,42.295227170239563],[-73.442891759023468,42.263935650350234],[-73.459935234397634,42.21752568187523],[-73.475918043763002,42.174003940958237],[-73.482963374229499,42.154819265145662],[-73.497174992417186,42.116120539179917],[-73.508142000003161,42.086257000286274]]]},"properties":{"NAME":"Berkshire County","GEOID":"25003","BASENAME":"Berkshire"}},{"type":"Feature","geometry":{"type":"MultiPolygon","coordinates":[[[[-70.838777000374961,41.347208999679935],[-70.837410069041397,41.34579723911726],[-70.832649109426683,41.340880138179728],[-70.819415000201943,41.327212000297905],[-70.80208300033155,41.314207000149821],[-70.799905461624974,41.313116912039426],[-70.775665000401403,41.300981999854159],[-70.768686999563784,41.303702000304042],[-70.766165999889793,41.308961999758409],[-70.76801500044246,41.311959000279842],[-70.764188000364001,41.318705999707703],[-70.754079999581904,41.324892999920131],[-70.748392999978449,41.326806999928287],[-70.747541000033735,41.329952000004404],[-70.742487000091856,41.332798000003777],[-70.733252999894091,41.336226000259288],[-70.709825999991239,41.341723000232562],[-70.691112000446708,41.344297000026778],[-70.651194313361259,41.346821871486519],[-70.648805000419699,41.346973000161071],[-70.606757494932154,41.348920051533433],[-70.599157000230178,41.349271999959967],[-70.579164999870315,41.350006999752381],[-70.538293999944088,41.348958000097177],[-70.528777306214607,41.348639295674239],[-70.511805563112532,41.348070930029159],[-70.495026000192411,41.347508999753721],[-70.482429000421689,41.348400999711686],[-70.463292000379568,41.347478999943412],[-70.452243999789232,41.349828000241537],[-70.448261999900069,41.35365099999494],[-70.449267999830553,41.380421999974473],[-70.44623300032066,41.396480000297416],[-70.450431000119892,41.42070300005394],[-70.452497000407519,41.421430000007923],[-70.463832999979644,41.419144999834884],[-70.470788000352726,41.412875000259326],[-70.473035000390354,41.408756999924883],[-70.472604000395137,41.39912800002076],[-70.471687000153111,41.396200000182311],[-70.478388999907892,41.392101000141807],[-70.484503000206942,41.386289999958294],[-70.490758000072987,41.383633999823807],[-70.498958999677768,41.384339000108106],[-70.501306000172818,41.385391000280421],[-70.501958032440314,41.389436538094508],[-70.502372000377761,41.39200499975906],[-70.506983999555445,41.400242000249754],[-70.517300289109215,41.403674599197743],[-70.517584000432123,41.403769000269648],[-70.528581000070531,41.40510000015464],[-70.53830099961678,41.409240999998573],[-70.547566999601585,41.415830999767273],[-70.548207325922647,41.416771511251291],[-70.553095999919634,41.423952000232298],[-70.555588000179625,41.430881999826866],[-70.55382589186776,41.439217537766361],[-70.553025918751061,41.443001756858855],[-70.552942999758756,41.443394000071137],[-70.553107371692818,41.44809925503214],[-70.553243814106381,41.452005033746843],[-70.553276999669592,41.452955000029696],[-70.557672898325904,41.460061914622194],[-70.557818725439247,41.460297675448466],[-70.55802933725424,41.460638175088626],[-70.559408500947015,41.462867889684823],[-70.563279999971385,41.469126999769173],[-70.567355999571873,41.471207999950494],[-70.574849999895235,41.468259000263032],[-70.57843804451484,41.465193052434529],[-70.583680999686862,41.460712999999366],[-70.588300764800195,41.460021104429934],[-70.588435000053096,41.460001000250728],[-70.590347594141363,41.45780299213164],[-70.591947444255027,41.455964398739177],[-70.592000000190737,41.455904000272966],[-70.596045236085999,41.454307762025728],[-70.59651600000727,41.454121999720854],[-70.597752566030167,41.454711899527986],[-70.599129999567694,41.455368999674882],[-70.599842999595211,41.458575999774681],[-70.599842999595211,41.460177224482798],[-70.599842999595211,41.461425999709853],[-70.598843720859691,41.463232122939253],[-70.595802999979753,41.468727999843452],[-70.596203937854,41.471398399406709],[-70.596280000005734,41.471905000008149],[-70.598444000202647,41.481151000161624],[-70.603555000045944,41.482383999867785],[-70.620024999925889,41.47459199968948],[-70.632184000028701,41.467498999941292],[-70.632737493397741,41.467211145518519],[-70.642149999622262,41.462316000328236],[-70.649330000126241,41.461068000265762],[-70.656088039483407,41.460812003671109],[-70.659652000270256,41.460677000279155],[-70.66508299978068,41.456225999775477],[-70.665918000006954,41.451094000288371],[-70.669535999848051,41.447174000180325],[-70.671859999878549,41.442364000018344],[-70.679254999569395,41.440598000270271],[-70.684163999746332,41.441937999719265],[-70.68688100013722,41.441333999778458],[-70.68992400004305,41.436841000087],[-70.695477999577122,41.435010000004851],[-70.697928000004339,41.435588999769386],[-70.700964000237462,41.434009999890733],[-70.701377999615929,41.430924999764478],[-70.705723999553157,41.42402299971927],[-70.706561000327568,41.419198000280012],[-70.709399000193969,41.418661000123812],[-70.711493000070703,41.415460000088146],[-70.712351442732626,41.409417077775039],[-70.712432000054051,41.408850000309357],[-70.7197089997441,41.404664000219377],[-70.724366000025967,41.398942000263524],[-70.729224999974178,41.397727999945744],[-70.731858999626084,41.397796999782848],[-70.736978999690209,41.391525999865642],[-70.740428000375204,41.382776999717962],[-70.745066000390494,41.376585999907078],[-70.749085999914499,41.375187999744654],[-70.758637000304631,41.366948000117375],[-70.768300335021095,41.354047862416074],[-70.768534074861392,41.353735829640236],[-70.768900999824027,41.35324600014885],[-70.774974000115193,41.349175999745967],[-70.782324534097782,41.347985526526791],[-70.783291000070932,41.347828999792505],[-70.783859848343127,41.348028823427761],[-70.800289000030475,41.353800000188336],[-70.808092999975202,41.355761000163852],[-70.812309000216104,41.355744999822321],[-70.819852000044946,41.353575999764004],[-70.833080924193865,41.35339582124152],[-70.833802000075792,41.353385999781231],[-70.834109509567227,41.353004194337217],[-70.838777000374961,41.347208999679935]]],[[[-70.80709999956521,41.458575999774681],[-70.806625000087365,41.455013000057136],[-70.805199000032317,41.450381000109061],[-70.799996000127521,41.446167000070929],[-70.796077999812454,41.446792999863902],[-70.790395000406946,41.446535000261413],[-70.784433000443855,41.450333000237549],[-70.780512999580665,41.453894000202553],[-70.776308000108742,41.457664000273049],[-70.767883000197969,41.457684999909745],[-70.766426000180786,41.460527000219884],[-70.76112799984142,41.461112000104613],[-70.758137999639047,41.463028999916887],[-70.755663999820712,41.467145999775987],[-70.75718699996014,41.470687000273202],[-70.760989999749171,41.473001999811324],[-70.759802000243795,41.476920000168853],[-70.756711999583999,41.479057000201685],[-70.752908999794968,41.478701000059665],[-70.747204999574748,41.477810000114196],[-70.739578999905248,41.482365000255548],[-70.734370000152666,41.486890999776215],[-70.725750000248212,41.488432000205272],[-70.722310999608965,41.488278999882795],[-70.717495000216772,41.489383999999795],[-70.712266000372693,41.490630000176544],[-70.709888999740429,41.493656999910186],[-70.704541000070662,41.496810000098598],[-70.706085999951398,41.49810800018588],[-70.707036999630304,41.501489999893302],[-70.702046000335926,41.503982000322971],[-70.698004999997224,41.504516000335897],[-70.693726999832066,41.506829999957382],[-70.68989399990582,41.504528999910917],[-70.685537000097938,41.506668000267119],[-70.681561999881467,41.507269000194981],[-70.677231000012853,41.509754999752374],[-70.674711999988673,41.512347000153248],[-70.675188000189735,41.513948999964931],[-70.676851000071267,41.516796999714437],[-70.678277999951206,41.517330000120459],[-70.682792999942848,41.51430500014434],[-70.687308999759395,41.512347000153248],[-70.692063000125628,41.512524999847976],[-70.694439999859583,41.513948999964931],[-70.699431000052286,41.513592999845585],[-70.700381999731178,41.517330000120459],[-70.698242999648599,41.520890000244194],[-70.700618999557648,41.521778999995917],[-70.702520999813771,41.519643999776441],[-70.707234999997027,41.519947000087022],[-70.710221999826359,41.518914999682927],[-70.715202000148409,41.515465999993516],[-70.718787000377517,41.51287400003956],[-70.722086000376365,41.509272000146744],[-70.726464999925568,41.505625000080293],[-70.730165999607323,41.503176000127418],[-70.73502999957843,41.503782999841853],[-70.737602000204362,41.504261000123179],[-70.743401999785746,41.500955999818963],[-70.747151999871306,41.49988899969626],[-70.750056999684872,41.495437000182591],[-70.75490099956447,41.491016000265383],[-70.75718699996014,41.490986000054995],[-70.761751000355574,41.488075999750436],[-70.767992999802829,41.487787999833813],[-70.770345000320759,41.484944999978559],[-70.771393999908938,41.481781999774817],[-70.775488999776002,41.477098000328006],[-70.779823999842577,41.477069999995059],[-70.78415300006138,41.477959999899703],[-70.787014000392318,41.476687000019623],[-70.789036000299021,41.471934000091515],[-70.792446999552581,41.469288999792241],[-70.798350999789349,41.468805999961283],[-70.80172299958312,41.467275000116473],[-70.802963999690263,41.464870000196449],[-70.801972000003488,41.461911999741531],[-70.802583999748663,41.459287999683902],[-70.80709999956521,41.458575999774681]]],[[[-70.832038999736838,41.259495000150025],[-70.832333000363022,41.258361999870587],[-70.830718000162094,41.256277999926155],[-70.828370999667044,41.254744999858126],[-70.82550799968628,41.252276999698779],[-70.821283999947781,41.251013999693434],[-70.817329999647725,41.250556000147995],[-70.81519999978596,41.250674000334996],[-70.81383999985313,41.250576000274819],[-70.813095999863478,41.250050000238005],[-70.812222000177471,41.249408000301734],[-70.810928000366886,41.24955399966737],[-70.809245000393886,41.249068000014788],[-70.805944999671794,41.249265000047004],[-70.804235999759527,41.249457999797393],[-70.80331500021785,41.250224999962782],[-70.803519000432374,41.253261000041469],[-70.801561000099738,41.258409999696426],[-70.802717999642951,41.259052000306632],[-70.80960699989383,41.260703000211528],[-70.811875999672736,41.263387999682379],[-70.811965000259519,41.264839000234851],[-70.812874000105637,41.264102999903692],[-70.814153999672513,41.262280000326534],[-70.816040999860007,41.261815999665302],[-70.817262999700574,41.261638999782875],[-70.819665000447188,41.260063999915381],[-70.823871999568951,41.259471999733627],[-70.829831999882202,41.259748000143851],[-70.832038999736838,41.259495000150025]]],[[[-70.840374999959153,41.452875000031931],[-70.841564000187731,41.449133999878079],[-70.836868000446159,41.441967999737059],[-70.830867999949902,41.441295000045066],[-70.822883000255203,41.445310999678213],[-70.814468000390178,41.445928000196147],[-70.810114999881947,41.443691999679679],[-70.808051000142413,41.445037000322564],[-70.80995199967532,41.446640000231262],[-70.808287999968883,41.449490999998787],[-70.812329000307585,41.453231999764711],[-70.816368999923071,41.45608200023738],[-70.820595000209707,41.458506999871048],[-70.822679999865613,41.456782999738323],[-70.828569999858686,41.456728000134945],[-70.832508000265221,41.457951000329778],[-70.838202000439708,41.456011999916264],[-70.840374999959153,41.452875000031931]]],[[[-70.903598000260772,41.430782000143665],[-70.905499999618584,41.42525299987463],[-70.902347000107909,41.421717999665375],[-70.896051000233967,41.421826000302204],[-70.889371000220493,41.422631000219837],[-70.884405000142152,41.421497999957992],[-70.871215999819412,41.422085000093489],[-70.862662999862124,41.424115000200821],[-70.857793000043245,41.426000000297407],[-70.853724999940368,41.42850500000889],[-70.848563000043441,41.432844000248402],[-70.849168999940872,41.4354149998805],[-70.851071000196981,41.435950000032747],[-70.855823999839998,41.440582999946471],[-70.855110999812453,41.444858999678857],[-70.854636000334622,41.4485999999008],[-70.857102999581954,41.450252999699501],[-70.860815999857593,41.445749000034539],[-70.863667999967703,41.442542000098967],[-70.868018000102907,41.442354000074999],[-70.872517000201,41.439360000264806],[-70.880300000229354,41.437968999665372],[-70.882206999610034,41.432563999915409],[-70.887576000094498,41.433230000300362],[-70.89456599972938,41.432741999934997],[-70.901010999566211,41.434453000328702],[-70.903598000260772,41.430782000143665]]],[[[-70.925415999810468,41.45173199989356],[-70.92578099968344,41.449584999839672],[-70.921186000224196,41.445393000145124],[-70.92033400027951,41.448889000124019],[-70.915164999811566,41.45103399992459],[-70.915353999957446,41.452477000259911],[-70.917394000305833,41.452339000195153],[-70.920665999642196,41.454552999851387],[-70.92351799975232,41.454366000101146],[-70.925415999810468,41.45173199989356]]],[[[-70.949185000020094,41.415775999808801],[-70.950950000008859,41.411881999986434],[-70.948995999874214,41.409551000025139],[-70.937154999788703,41.412092999826555],[-70.929038999674447,41.415589000140621],[-70.926188000287539,41.419790000011993],[-70.92334100020031,41.42246299973727],[-70.919084999776459,41.423382000294758],[-70.91281300019196,41.421733000307171],[-70.90899899963398,41.421604000332586],[-70.908586999905353,41.422417000026499],[-70.909139000274379,41.423088999825168],[-70.914794999915728,41.424689999752196],[-70.919931999698264,41.42563299976775],[-70.923087999581995,41.4302480000092],[-70.927475000425417,41.431810999987384],[-70.929761999747711,41.42974399980347],[-70.932356000114964,41.425067999724419],[-70.937008000373936,41.425267999699841],[-70.941099000043053,41.421739000158752],[-70.94122799991446,41.418766000055747],[-70.94373500024308,41.415014000172931],[-70.949185000020094,41.415775999808801]]]]},"properties":{"NAME":"Dukes County","GEOID":"25007","BASENAME":"Dukes"}},{"type":"Feature","geometry":{"type":"MultiPolygon","coordinates":[[[[-71.381700000375346,41.893751747471775],[-71.381700000375346,41.893198999709831],[-71.381529354607352,41.893225767670913],[-71.376600000402718,41.893998999819615],[-71.37649639770099,41.89401379523666],[-71.376352343862038,41.894034366785284],[-71.373799000346224,41.894398999794745],[-71.371190326897121,41.894585333970262],[-71.370999000114665,41.894598999845947],[-71.365398999651504,41.89529900010821],[-71.364699000042748,41.895398999805934],[-71.362498999860819,41.895599000069097],[-71.354699000114039,41.896499000189358],[-71.354518825915804,41.89651701731389],[-71.352698999948615,41.896698999682414],[-71.349053635627342,41.897141619635327],[-71.345874909265234,41.897527580296817],[-71.339763189788698,41.898269665058187],[-71.338762493511652,41.898391169025302],[-71.338697999864152,41.898399000174955],[-71.339177717293865,41.894561264047752],[-71.339297999913768,41.893599000014234],[-71.339297999913768,41.893399000175158],[-71.339715756046743,41.890112933678097],[-71.339718870505834,41.890088430070492],[-71.340797999588673,41.881599999972316],[-71.338863843238627,41.876111215645992],[-71.337828866352027,41.873174138824787],[-71.337826681649261,41.8731679407299],[-71.333997000099671,41.86230000023928],[-71.334493988539037,41.861239482712683],[-71.341673422206071,41.84591938854912],[-71.342197999704453,41.844799999885119],[-71.341796999846466,41.843700000230548],[-71.340795658579026,41.842455908949958],[-71.335197000198917,41.835500000233019],[-71.337504519737237,41.833769360263261],[-71.337597000397409,41.833699999987701],[-71.339596999664508,41.831999999830934],[-71.342839368969535,41.829552929069287],[-71.34489699965367,41.828000000163364],[-71.345888731642503,41.825887180426498],[-71.347197000293065,41.823100000068138],[-71.339196999631412,41.8090000002084],[-71.339021706878455,41.808590982905017],[-71.339003743267725,41.808549067014361],[-71.338897000055766,41.808299999681978],[-71.339273611552116,41.806605247052765],[-71.339297000088862,41.806500000034674],[-71.339297000088862,41.8044000000301],[-71.340796999763754,41.800199999786486],[-71.340697000204628,41.798300000188533],[-71.339297000088862,41.796299999992669],[-71.335797000248533,41.794800000242176],[-71.333895999817329,41.794500000097777],[-71.33219600012589,41.792299999890211],[-71.331060754185586,41.790146947783519],[-71.330116164884544,41.788355485094755],[-71.329296000335191,41.786799999900239],[-71.329395999894317,41.782599999687946],[-71.327896000219425,41.780500999696571],[-71.31792423344173,41.776157294155809],[-71.317795000008331,41.776100999950053],[-71.316387843913006,41.775507231777411],[-71.297687565236131,41.767616398985538],[-71.294758051296782,41.766380251330702],[-71.284401771441537,41.762010280947003],[-71.261392000360587,41.752301000285428],[-71.254742994919368,41.74471835823357],[-71.252130746175425,41.741739304549156],[-71.245332604227343,41.733986585320501],[-71.245246495317474,41.73388838594213],[-71.226236731753886,41.712209319921129],[-71.225791000286307,41.711700999947503],[-71.224797999876316,41.710497999941737],[-71.222470995879476,41.707679020876817],[-71.208370999654065,41.690598000096372],[-71.208292752799551,41.690502383461954],[-71.201220958863118,41.681860751756993],[-71.195690000217752,41.675101999965563],[-71.195639999989041,41.675090000227677],[-71.194389999661084,41.674801999808828],[-71.191177999700855,41.674216000108153],[-71.191175000226124,41.674291999889519],[-71.18433319027379,41.67305306799485],[-71.184329906033085,41.673052473491083],[-71.181289999925127,41.67250200024143],[-71.175989999935936,41.671401999841414],[-71.176086582303711,41.668601123634815],[-71.176090000393373,41.668502000312394],[-71.176090000393373,41.668101999936198],[-71.162148283727745,41.665578726771606],[-71.153989000088131,41.664101999742364],[-71.15358861198284,41.664037545468219],[-71.145869999600805,41.662795000292817],[-71.135187999606671,41.660501999775015],[-71.134688000014478,41.660501999775015],[-71.132887999865616,41.660102000031891],[-71.132670000305708,41.658744000189884],[-71.134477999952182,41.641261999841724],[-71.134483999799983,41.641198000024616],[-71.134701171113164,41.63888992339912],[-71.13567574977165,41.628532196947603],[-71.13568800009719,41.628401999785474],[-71.140468000402677,41.623893000143966],[-71.141508999594947,41.616075999875861],[-71.140910000268562,41.60740500021997],[-71.140867889044671,41.6071038169204],[-71.140588000053285,41.605102000142473],[-71.138549069598398,41.603428575714872],[-71.137492000444013,41.602561000301826],[-71.136691559305035,41.601383232121606],[-71.131618000344488,41.593918000218416],[-71.131491526535612,41.593252567412101],[-71.131312000022717,41.592308000272418],[-71.127618079963725,41.563230811114821],[-71.126595223146921,41.555179257398095],[-71.122400000040244,41.522155999751099],[-71.120569999754139,41.497448000016703],[-71.115781000126134,41.49650900014889],[-71.113800000227286,41.500106000054444],[-71.106813999892069,41.502468999917951],[-71.093052000182183,41.504214000159067],[-71.086554237797131,41.508679507717503],[-71.085663000339139,41.509292000247946],[-71.070687000286313,41.508876999742043],[-71.068767826038595,41.508421804132077],[-71.05841799968033,41.505966999975392],[-71.048592999653778,41.502659000074246],[-71.041013000015013,41.497533999763348],[-71.041076389633048,41.495328598582134],[-71.041203443753574,41.490908274925367],[-71.041213999856467,41.490541000237684],[-71.038361999746357,41.481105000321762],[-71.035509999636247,41.481638999846268],[-71.033609000103354,41.486802000084332],[-71.038349000225892,41.492182000055458],[-71.035513999834208,41.499046999746817],[-71.022336000280433,41.504345999857158],[-71.022253406478271,41.504470942118928],[-71.019353999575657,41.508857000185408],[-71.00327500040629,41.511911999765459],[-70.993889999697473,41.511256000132093],[-70.983955999890995,41.508900000233616],[-70.981708000028448,41.510070000127556],[-70.981557000415705,41.513681999722657],[-70.984647000177191,41.520445000092721],[-70.980131000360657,41.527562999763468],[-70.976617365890959,41.52899730119686],[-70.972287000232939,41.530765000060072],[-70.966583000012704,41.531654999940798],[-70.961354000168626,41.529698000306908],[-70.958026999682374,41.521689999818882],[-70.956600999627327,41.515461999817148],[-70.953299000153734,41.51500999982121],[-70.952617000088352,41.51812000029016],[-70.954884000217433,41.527566999864405],[-70.947928999844351,41.529802000090726],[-70.946301999947849,41.537563999807055],[-70.941785000306396,41.540120999795427],[-70.928519999815663,41.539775999982915],[-70.934562000144695,41.548745999986551],[-70.934825007995258,41.550842494913461],[-70.935315896873846,41.554755488180206],[-70.935430999807835,41.555672999926593],[-70.937830000181421,41.565239000282389],[-70.947014000150446,41.572721999954744],[-70.949195000065842,41.579048000246289],[-70.950245000377251,41.584598000088278],[-70.946849921067169,41.58606185257176],[-70.94562499990532,41.586590000175185],[-70.943890999878704,41.586015000050267],[-70.942468000196683,41.581539999888633],[-70.939305999566869,41.580230000137142],[-70.938812999647368,41.577699999961098],[-70.937617999570989,41.577480999891016],[-70.933777000147131,41.580429999894505],[-70.931337999590582,41.584199999881356],[-70.931326572121861,41.584228574068156],[-70.931297018447324,41.584302468713808],[-70.928131562896922,41.592217311414636],[-70.927820121479485,41.592996033149475],[-70.927393000409666,41.594063999686426],[-70.930000000297397,41.600441000084885],[-70.931169000434494,41.606873000188486],[-70.931046525026971,41.607093573730936],[-70.930586647788644,41.607921797853969],[-70.930294209332729,41.608448470278752],[-70.929721999564734,41.609479000056098],[-70.930456000406963,41.613270999760523],[-70.925636986268685,41.613906697324389],[-70.922685990017641,41.61429597619572],[-70.922374999554478,41.614337000113132],[-70.92177280132735,41.61341394323555],[-70.920073999988503,41.610809999723351],[-70.918413795664151,41.60922869413745],[-70.917052279375127,41.60793188239645],[-70.91658099982088,41.607482999843214],[-70.912335700128679,41.598666291990099],[-70.91081399985147,41.595506000041773],[-70.90907999982484,41.593699999735421],[-70.9020509998319,41.591582999804871],[-70.898607000068083,41.592654000212541],[-70.899557308044223,41.59549881844346],[-70.899663988374087,41.595818175085604],[-70.903306694580451,41.606722891424205],[-70.904522000175504,41.610361000179033],[-70.905365722144879,41.611226592802701],[-70.907168543003721,41.613076145628725],[-70.909830394921002,41.615806997534882],[-70.91169557413194,41.617720524821358],[-70.913202000354389,41.619266000133557],[-70.908861170221627,41.623543329330296],[-70.908827000104836,41.623576999671144],[-70.905973383027231,41.623801807049873],[-70.90304328338631,41.624032639759996],[-70.902860999943812,41.624046999961863],[-70.895437999765576,41.624203999702836],[-70.892717000075038,41.625912000056928],[-70.890897999659572,41.628549000266119],[-70.889475999802485,41.632430000309604],[-70.889182797778574,41.632587657770543],[-70.888760000300238,41.632814999886143],[-70.887044542399366,41.632282190214845],[-70.88440996602904,41.631463908553201],[-70.882050270542408,41.630731002719095],[-70.882005254166899,41.630717020682944],[-70.87905033137973,41.629799241497516],[-70.877725147452381,41.629387648497904],[-70.874602188503133,41.628417677766706],[-70.872665000338998,41.627816000188453],[-70.869624000083007,41.625608000309555],[-70.868360000409666,41.622664000138016],[-70.868904000382784,41.614663999756075],[-70.868736150171955,41.614358942253354],[-70.862954999940172,41.603852000143306],[-70.863637999830473,41.600919000226554],[-70.863661000295011,41.597594000077699],[-70.860236999724364,41.594635000025313],[-70.857239000024379,41.587704999945913],[-70.856722999640354,41.583708999764312],[-70.854803999665791,41.582431000206633],[-70.853185000165197,41.582975000252098],[-70.853452000128897,41.585488000068118],[-70.853236000218828,41.588103999808652],[-70.850503999759312,41.59211399989065],[-70.850868999632297,41.593368000241945],[-70.847413999997841,41.595403000125046],[-70.844267000334938,41.595051999859173],[-70.843227000069263,41.596565000264704],[-70.847981000435496,41.602963000300967],[-70.849645000141933,41.610249999748554],[-70.849719000660087,41.610318459831497],[-70.853090085968915,41.613437132885444],[-70.853664999665924,41.613969000208343],[-70.854426000272326,41.616010999899814],[-70.854265954624694,41.618485471905061],[-70.854258999867767,41.618593000276519],[-70.854726919722836,41.620341086149352],[-70.855125999881068,41.621831999903115],[-70.855201915607438,41.621870427589997],[-70.859639956030335,41.624116891156469],[-70.859654000291485,41.624123999732916],[-70.85251800016843,41.626919000229542],[-70.84416500022769,41.628982999761526],[-70.843176309934407,41.628486815543603],[-70.845242000303287,41.644664999698662],[-70.848035999788777,41.65246299991599],[-70.852140999701575,41.663915999955897],[-70.858212000342931,41.681167000045782],[-70.859489000435062,41.684735999924612],[-70.865002999786171,41.700164000320264],[-70.87064000005924,41.715956999888263],[-70.886438999744442,41.76023200015964],[-70.904437999611602,41.757999999701582],[-70.907184000314814,41.763543000021521],[-70.921782000075851,41.791243999759764],[-70.960647999813816,41.786648000313455],[-70.987962999894492,41.783415000192242],[-71.026288000032366,41.778887999878599],[-71.014590999886906,41.799567999922985],[-71.023157000262998,41.806175999668994],[-71.0363080000526,41.816324000099797],[-71.036569999993418,41.816525000312929],[-71.010943999733527,41.835855000042365],[-71.007454999763866,41.838485000012319],[-70.995904999931511,41.8470220000032],[-70.990454000329592,41.850070999773585],[-70.988042000435527,41.851805999903462],[-70.985778999606069,41.854057999674666],[-70.982739000073295,41.855408999959756],[-70.978307999747258,41.85724600022003],[-70.973716999587637,41.860878999823974],[-70.977168999747377,41.87469599975045],[-70.977162999899605,41.875149000110852],[-70.987255999714762,41.905808000222024],[-70.991849000422505,41.906080999718391],[-70.993151999555593,41.90644499968235],[-70.991149999740358,41.90913300001408],[-70.991978000293926,41.915601999976047],[-70.993278999777189,41.916464999992968],[-70.995082000299121,41.914967999731715],[-70.997131999794931,41.916681999849708],[-70.997397000108805,41.918398999988966],[-70.996919000257904,41.923488000333236],[-70.99644800007971,41.923785999733269],[-70.995533000385834,41.92505299997223],[-70.996751999853331,41.927368999785649],[-70.999629000077803,41.928465000125158],[-70.999773000017839,41.929670999856327],[-71.010567000164954,41.940079000169312],[-71.016587999679288,41.943864999943621],[-71.021045999769512,41.946406999772471],[-71.04262700039105,41.959515999725348],[-71.049484999781455,41.96309400005623],[-71.049776000034583,41.964307000312225],[-71.054183999896097,41.982716000081105],[-71.054717999823495,41.985057000181186],[-71.063866999632438,42.02480200000214],[-71.069595000142101,42.049704000315998],[-71.071196999924254,42.056458999941313],[-71.07420600039319,42.069116000153066],[-71.07606900029127,42.076953999776073],[-71.078758000194753,42.088273999737389],[-71.080483000000555,42.095539000170817],[-71.093279999787811,42.090530000227666],[-71.098373000087761,42.088533999948389],[-71.112862999893778,42.082863000243812],[-71.138607000154437,42.072774999882903],[-71.14226000015563,42.071363000157547],[-71.168680999560507,42.061160999815392],[-71.178457000081579,42.057362000141474],[-71.192628999870266,42.051825000294293],[-71.208502999898542,42.045626999962323],[-71.211580000139563,42.044428000096779],[-71.223893000228159,42.03961800012285],[-71.235434999664591,42.03510500018885],[-71.242364000098405,42.032394999840413],[-71.256859999752209,42.0267309998328],[-71.258734000419238,42.025998999908488],[-71.270160000403024,42.02153500027746],[-71.288264999677082,42.014461999696785],[-71.303615999648628,42.008585000159748],[-71.326932000121715,41.999646999943877],[-71.338794999948519,41.995091999983345],[-71.342822000043526,41.993546000185184],[-71.364344000215524,41.985293000030921],[-71.381465710766093,41.985084319889168],[-71.3814702598347,41.982714392115831],[-71.381491978403318,41.971399218991422],[-71.381501000183718,41.966699000163416],[-71.381400999726296,41.964798999666215],[-71.381457682522395,41.952864340321263],[-71.381457692403856,41.952862283325629],[-71.381481898407515,41.94776555306786],[-71.381599999917924,41.92289900004473],[-71.381700000375346,41.92269899974054],[-71.381700000375346,41.91557713849344],[-71.381700000375346,41.914816000238567],[-71.381700000375346,41.914659653304192],[-71.381700000375346,41.903598000261354],[-71.381700000375346,41.897061999997483],[-71.381700000375346,41.893751747471775]]],[[[-70.835735000294065,41.602349000055632],[-70.838451999786642,41.59646000008798],[-70.835131999871379,41.59087499983837],[-70.829548000200063,41.584598000088278],[-70.823145000196007,41.582865000261776],[-70.822065999572274,41.583550999731834],[-70.821780000240338,41.587065000096771],[-70.81890200019096,41.589332999861945],[-70.818440000233593,41.59084000029624],[-70.819966999672673,41.591368999682992],[-70.823505999871045,41.591748000284099],[-70.825530000325912,41.596339999868789],[-70.824035999600468,41.599554000111368],[-70.826927552532538,41.601969684856343],[-70.830002999586426,41.604538999792766],[-70.830960999836336,41.60469700018038],[-70.83149300011388,41.604219999995038],[-70.831551999665123,41.602000999928492],[-70.832757999612141,41.601514999957473],[-70.834792999937676,41.60265499969379],[-70.835735000294065,41.602349000055632]]]]},"properties":{"NAME":"Bristol County","GEOID":"25005","BASENAME":"Bristol"}},{"type":"Feature","geometry":{"type":"MultiPolygon","coordinates":[[[[-71.254965999892008,42.657775000254809],[-71.25618799973256,42.657145000161513],[-71.239065000099558,42.648914999770206],[-71.229260999989393,42.644206999765537],[-71.198950999683461,42.629652000146422],[-71.176213000417007,42.618724000060872],[-71.175995999783709,42.618621000022458],[-71.171757999801528,42.616544999918368],[-71.172960000448896,42.615012000176655],[-71.176116000332627,42.614611000137216],[-71.178387999586292,42.610799000161343],[-71.177494999633709,42.608958000170929],[-71.182023000044126,42.608431000142765],[-71.181349000374667,42.608373000049212],[-71.164878999596411,42.598020999813777],[-71.163908999650943,42.601851999913329],[-71.160666999553484,42.605317999780098],[-71.15951699968295,42.607658999762457],[-71.158617000057674,42.612947999883829],[-71.156564000188808,42.614977000188702],[-71.154419000258443,42.61526800000054],[-71.148653000113939,42.613168000321309],[-71.145941999570823,42.608334999958622],[-71.143196999590842,42.604039000278931],[-71.141203000171515,42.603206999906163],[-71.135456000293587,42.599116000184019],[-71.121359999774569,42.600280000045601],[-71.110995999797751,42.601164000028028],[-71.089364999845813,42.603006999774969],[-71.076167000200556,42.604136000211092],[-71.05876599983489,42.609077000178729],[-71.059351999640796,42.606326999882455],[-71.057425000168649,42.604744000190365],[-71.033998000265797,42.585493000029118],[-71.028311999588908,42.574082000138276],[-71.030979999576005,42.57265400003196],[-71.035460000305847,42.570259000135593],[-71.036665000427959,42.571649000199073],[-71.037662999962535,42.571164000233111],[-71.040098000321123,42.571588999746183],[-71.041531999873797,42.573489999744417],[-71.044281000051726,42.573877000009922],[-71.044681000084822,42.57294900002853],[-71.049752999570046,42.571090999779329],[-71.051873000284374,42.572115000186081],[-71.052772000084744,42.571372000151143],[-71.053006000436469,42.572994000219303],[-71.057040000204168,42.574019000035058],[-71.064937000035329,42.562116000040959],[-71.07097799964113,42.555888999721041],[-71.075150000399418,42.53103500000735],[-71.067266999913628,42.524982999761498],[-71.066353999869563,42.524809999791103],[-71.065855000102275,42.524828000120337],[-71.061962999726489,42.524298999867092],[-71.06067300011388,42.525226999797084],[-71.058380000045503,42.523620999991508],[-71.057513000032188,42.524172999696908],[-71.040982999877798,42.526261999752947],[-71.038598999572827,42.523960000186975],[-71.040912999557605,42.521718000012498],[-71.04098899972557,42.51984700016471],[-71.040108000366857,42.517237000065847],[-71.038302000370209,42.516262000314995],[-71.039483000202878,42.514535999853187],[-71.036555999749709,42.512434999789619],[-71.036632999742608,42.51176600002907],[-71.036945999737043,42.510421000130492],[-71.034900000439208,42.506757999833091],[-71.035839000422541,42.505192000226394],[-71.038720999771542,42.502719999849475],[-71.042229000007779,42.50234299988076],[-71.043773999888529,42.50119900005997],[-71.042086999717569,42.498270999708957],[-71.040325000101845,42.496711999761203],[-71.039908000350337,42.495948999928181],[-71.041859000111941,42.493291999670333],[-71.045209000164419,42.488719999781779],[-71.046949000038836,42.487963999773243],[-71.050252000235659,42.48653299998567],[-71.052628999969613,42.48605699993464],[-71.054214000033326,42.476902999751012],[-71.053364999563371,42.475925000284455],[-71.047778000417324,42.469592999972299],[-71.046949000038836,42.468652999977252],[-71.041591000323336,42.462575999879988],[-71.039967999726471,42.460735000311907],[-71.027571999797189,42.446677999703752],[-71.025836000120748,42.444709000242042],[-71.018756999899097,42.450118000212179],[-71.014610000153482,42.445289000296242],[-71.013240000174932,42.443708000178084],[-71.011923999724743,42.442164000152871],[-71.009670999839329,42.441047000201699],[-71.012269000404544,42.43972400016483],[-71.010105000207602,42.438188000040491],[-71.011415999736627,42.435991000114655],[-71.01077700022725,42.434567999837654],[-71.006974000438234,42.43383799994232],[-71.00591999992885,42.433043999898864],[-71.002149999751808,42.432608000212703],[-70.999856999683431,42.43129600010635],[-70.997346999880079,42.431066000220852],[-70.997233999902178,42.431051000328729],[-70.99202299960146,42.434135000241852],[-70.990120000418742,42.43487700023725],[-70.983708000193872,42.431663000040956],[-70.982293999834368,42.43129600010635],[-70.979454000318142,42.432815000292862],[-70.975193999696316,42.436896000048542],[-70.971594000296903,42.442696000296912],[-70.968594000048782,42.444396000017576],[-70.966138811850811,42.443492041111526],[-70.96613366091097,42.44350547290589],[-70.965397999982088,42.445423999681353],[-70.962606999971342,42.445104999909695],[-70.948945902627457,42.454648224332331],[-70.944557002745512,42.457714175886061],[-70.944352867783707,42.457856778114028],[-70.943664000097968,42.458337999748409],[-70.938984000249903,42.457024000001333],[-70.938780930690029,42.45571741168412],[-70.938528000140323,42.454090000195521],[-70.94047499970398,42.443760000291157],[-70.939770999897263,42.438472000317894],[-70.935546000333872,42.431532000253092],[-70.936160275511682,42.429665071190357],[-70.936338252430701,42.429124157658492],[-70.936776531474678,42.427792124179248],[-70.93743199979815,42.42579999999657],[-70.936393000255705,42.418096999990304],[-70.927970999819664,42.417130000090111],[-70.928046000162738,42.420662999881955],[-70.919934000246414,42.423586999810631],[-70.918358070472138,42.422360023716479],[-70.910852000384622,42.416516000232498],[-70.910213356608111,42.416476517802131],[-70.90569200013752,42.416196999867928],[-70.902871999814451,42.420053000276788],[-70.9076470000971,42.421834000179544],[-70.908391999911657,42.425197000313403],[-70.913192000308655,42.427696999823787],[-70.925085000272688,42.430299000075024],[-70.928627999770697,42.428834000271976],[-70.933402000228412,42.433434999923989],[-70.928017999675333,42.43721600027466],[-70.928488999853528,42.438326000037236],[-70.936158999903967,42.437402999903064],[-70.937480000377036,42.440087999993075],[-70.935181057054749,42.4565494310717],[-70.935168553404324,42.456638962287762],[-70.934993000139912,42.457895999866516],[-70.934263977760978,42.458464495798886],[-70.931486999553499,42.460629999677465],[-70.927713000076807,42.460891999915866],[-70.926791720260766,42.461826808791834],[-70.925539811012811,42.463097102887964],[-70.921992999963066,42.466696000311899],[-70.921919298583873,42.466697060568151],[-70.908092000336012,42.466896000104043],[-70.90739306972246,42.463438990631779],[-70.907274999653097,42.462855000194025],[-70.90145300033042,42.464225999839563],[-70.894292000092989,42.460896000103226],[-70.887292000412359,42.464895999935983],[-70.887992000021114,42.467095999919891],[-70.886493000171114,42.47019699973815],[-70.886273045877175,42.470475103357487],[-70.879699060541938,42.478787073434368],[-70.879691999783816,42.478795999729321],[-70.870039328968105,42.483864523075162],[-70.86091913184211,42.488653449021022],[-70.857791000393433,42.490295999673712],[-70.847391000431614,42.491496000024014],[-70.841590999951904,42.487596000164089],[-70.835991000387097,42.490496000226834],[-70.833787999832097,42.499379000045309],[-70.831091000430987,42.503596000330212],[-70.83380999957339,42.505868000084917],[-70.840732000334526,42.499324000135438],[-70.844771999949998,42.496519999672827],[-70.847387000233667,42.493891000295811],[-70.853329000105248,42.493015000296346],[-70.853090999555562,42.495993999998703],[-70.852798253875832,42.496857455928051],[-70.851665000398825,42.500199999848832],[-70.850038656272474,42.501706341647903],[-70.847079377554493,42.504447266361488],[-70.842395000216044,42.508786000183115],[-70.842197636754861,42.515738511367381],[-70.842091000442437,42.519494999812601],[-70.845623000069793,42.517474999742618],[-70.848706999983506,42.519208000234322],[-70.857125000221586,42.521492000142111],[-70.85975100037588,42.520440999862444],[-70.864023999619846,42.518596999724608],[-70.866757299043257,42.515268744563514],[-70.869491000013625,42.511940000251968],[-70.872127276894759,42.508406309778451],[-70.873645911221928,42.506370718435825],[-70.874719999857675,42.504931000010103],[-70.878728648269757,42.50532511813568],[-70.881850000132971,42.505631999902853],[-70.886365999949518,42.508610999842134],[-70.886044587232433,42.510412318063622],[-70.885718982976229,42.512237128775098],[-70.885178000444142,42.515269000151754],[-70.884134918957045,42.516398067630703],[-70.881748388996229,42.518981330502854],[-70.877571999967799,42.523501999723038],[-70.866320000061279,42.526729000065032],[-70.864206999917954,42.533428999991997],[-70.867588999757487,42.53628800020843],[-70.871630000096189,42.535588000141722],[-70.871867896441316,42.535475641986281],[-70.8755123687355,42.533754363091546],[-70.878921999854882,42.532143999720539],[-70.88122225292085,42.533876928943492],[-70.882563000160488,42.534886999983733],[-70.880607690282162,42.537396685567842],[-70.875915023290261,42.543419833703638],[-70.875195000233845,42.544344000120979],[-70.87061955170843,42.547262447085657],[-70.868648000289738,42.548520000091607],[-70.861114999608347,42.54512800007452],[-70.857687185689315,42.546509960438641],[-70.856610752450649,42.54694393593563],[-70.855166999888965,42.547525999780106],[-70.854873999985983,42.549364999885263],[-70.850129999665512,42.551143999811899],[-70.848359999653866,42.550012999890612],[-70.848171383986923,42.549631838712948],[-70.847927999833729,42.549140000074765],[-70.845484999977529,42.548195999798075],[-70.836591000436712,42.551278999828888],[-70.823797999949093,42.551865999669388],[-70.815390999581666,42.554194999730861],[-70.804090999994571,42.561595000098336],[-70.802672717366121,42.562020983179167],[-70.794419000128897,42.564500000148051],[-70.793495748510793,42.564307379306008],[-70.793326400808382,42.564272047810185],[-70.788442000097206,42.56325300001977],[-70.787694815579854,42.562987540063034],[-70.777476000420933,42.55935700032429],[-70.772132000050817,42.559606000003377],[-70.763723000033593,42.561677999991922],[-70.758607896686087,42.56864931437908],[-70.757283000219616,42.57045499971511],[-70.740139999596806,42.574806999833271],[-70.737043999987534,42.576863000158745],[-70.735506999604397,42.57552100016246],[-70.730933999886446,42.57448699994395],[-70.72968799975645,42.571510000197449],[-70.715328998573369,42.572295553563642],[-70.71034900004797,42.572568000111126],[-70.7081909996988,42.575575000277318],[-70.698574000084719,42.577392999789126],[-70.692931999788769,42.584213999697972],[-70.688076000213584,42.585946000000156],[-70.687609078386799,42.586326434704972],[-70.684501999855129,42.588858000107834],[-70.680802999823186,42.593463999855338],[-70.684337999823597,42.596154999793427],[-70.681485999713473,42.600703999684448],[-70.676495000419095,42.603329000239547],[-70.676733000070485,42.607526999818731],[-70.670658918207707,42.608383385524476],[-70.665562000354811,42.609102000273715],[-70.663396606870862,42.607280532000502],[-70.65890699955736,42.603504000311503],[-70.657005000199575,42.59825499973045],[-70.659619999584891,42.592131000104672],[-70.663897999750063,42.58828199968665],[-70.666036999832642,42.584081999690397],[-70.664886999962121,42.580435999831224],[-70.654727000199799,42.582234000002934],[-70.648039999615321,42.587548999870755],[-70.646087000203877,42.592205000328228],[-70.641696999885724,42.594524999938599],[-70.635814719115899,42.600073479224697],[-70.635635000363521,42.600243000110218],[-70.632332000166699,42.607876000008758],[-70.632303155262932,42.610113081178703],[-70.632216999640676,42.616795000189093],[-70.627172999744516,42.621338000090724],[-70.62048500023343,42.623032000090966],[-70.617921999828326,42.625468000197117],[-70.618007546392832,42.626012884051974],[-70.618419999770694,42.628639999842008],[-70.615901036577441,42.629870671261187],[-70.612225004670677,42.631666643784563],[-70.610831789530238,42.632347317033435],[-70.605611000287865,42.634898000136758],[-70.605127213489922,42.634903506561926],[-70.603235324670635,42.63492504056557],[-70.597818081062144,42.634986700973457],[-70.594013999701545,42.635030000222137],[-70.591468999738098,42.639820999765327],[-70.592405000246686,42.640485999772153],[-70.595408999794444,42.640321999865307],[-70.595864999904023,42.642514000256639],[-70.59174200044788,42.648507999953637],[-70.597102999638096,42.651468000041334],[-70.597460999838404,42.653485999921834],[-70.595052000317381,42.656071000199013],[-70.597600999580479,42.658094999871174],[-70.597452143348022,42.659343741292851],[-70.597420999655426,42.659605000284351],[-70.59858499976967,42.659876000216236],[-70.607175000435191,42.658555999924765],[-70.610498999650076,42.659770999897688],[-70.613263484088577,42.658826894104628],[-70.613473999783849,42.65875499982473],[-70.614734424162364,42.660056312534984],[-70.6148920003413,42.660218999977111],[-70.616126999702331,42.660304999826529],[-70.617987000125652,42.659068999931854],[-70.618922243354476,42.658953977287297],[-70.620718999686844,42.658732999740948],[-70.621632070697814,42.659558975926046],[-70.623927000347422,42.661635000036064],[-70.622840000226091,42.664355000024784],[-70.623000716016946,42.664787233214774],[-70.623158218534016,42.665210825985795],[-70.623401178682386,42.665864250615925],[-70.623457076350945,42.666014583858065],[-70.623883065543509,42.667160250477046],[-70.623908999905765,42.667230000194188],[-70.623575363812606,42.667985137131538],[-70.621475000270394,42.672738999728722],[-70.624058999693588,42.676909999808984],[-70.622704999608558,42.678351000109416],[-70.623698999843484,42.681566999977939],[-70.620506999974737,42.684607999728144],[-70.620850999931335,42.686840000127233],[-70.623255000327774,42.686897000008557],[-70.627243000064723,42.68841800014701],[-70.627320000057608,42.69141099987386],[-70.630076999733177,42.692699000098905],[-70.636292000314555,42.690293000027332],[-70.640619782417829,42.685835928351558],[-70.641379999693328,42.685052999823078],[-70.641404879433438,42.685053837139165],[-70.643223000398223,42.685115000142744],[-70.643603000339809,42.687494000314558],[-70.645056000159045,42.688543000315185],[-70.647110999677722,42.687856999812645],[-70.649077000406251,42.68564299978263],[-70.654389000091001,42.681689999774022],[-70.657437000019698,42.681519000168642],[-70.663547999945692,42.677603000161881],[-70.666847999769459,42.671722000247357],[-70.671693273460136,42.66773345137878],[-70.673136999970708,42.666545000233413],[-70.676097000035838,42.666157000108441],[-70.681381999956415,42.662262999963779],[-70.681299000115743,42.661479000193907],[-70.679918000266525,42.660336000119472],[-70.682294000175574,42.654416999842816],[-70.683391510585736,42.653193576603982],[-70.684629999901645,42.651812999862024],[-70.688769000149634,42.652610000311853],[-70.691231000272424,42.655789999868077],[-70.695942000082624,42.655825000032628],[-70.705832000406517,42.658244999785104],[-70.719153000075408,42.663749999831474],[-70.725035366185182,42.665202263874029],[-70.730547000272168,42.666562999962537],[-70.732534000018788,42.670237000182169],[-70.744601999884992,42.681308000003092],[-70.75274200028872,42.684328999817694],[-70.76442099999251,42.685650000021575],[-70.776082999977845,42.691263999739682],[-70.77594559007872,42.695689833970725],[-70.775790999899797,42.700669000259218],[-70.770453000275793,42.704823999801455],[-70.772266999770039,42.711064000186255],[-70.788156141800741,42.738873083825176],[-70.79286699967713,42.747118000071019],[-70.795024200525702,42.753174156985565],[-70.805219999948719,42.781797999725121],[-70.808212780436889,42.811675323261966],[-70.808539999863967,42.814941999928976],[-70.810546514611801,42.818779350082764],[-70.81214870393849,42.821843450297678],[-70.812685999784648,42.822871000017017],[-70.816314880020443,42.842825884231672],[-70.817731000404024,42.850613000130821],[-70.817296000210831,42.872289999796536],[-70.82176900036967,42.871879999689064],[-70.823271639294873,42.871386889525382],[-70.824185838589855,42.871086882803191],[-70.830795000154978,42.868918000189488],[-70.837376000434247,42.864995999869102],[-70.84862499996774,42.860939000301258],[-70.84885967136097,42.861074575425064],[-70.872553814059657,42.874763247310248],[-70.883389666715871,42.881023377426487],[-70.883499232434446,42.881086676701564],[-70.886135999795741,42.882609999898364],[-70.902768000057378,42.886530000279741],[-70.914525235835882,42.886562987849572],[-70.914599197726488,42.886563195181942],[-70.914886000152308,42.886564000157918],[-70.914898999672786,42.886588999824063],[-70.92762900041123,42.885325999830009],[-70.930564578877053,42.884643500943177],[-70.930798999640331,42.88458899978113],[-70.931699000163931,42.884189000153512],[-70.949199000263789,42.876088999696762],[-70.955660932445426,42.87343714648997],[-70.966500000172047,42.868988999848909],[-70.974724442212477,42.867730565707816],[-70.997238514834805,42.864285652108045],[-70.997441328374805,42.864254619375572],[-71.004638745415534,42.863153331470613],[-71.031201000407265,42.859088999678548],[-71.034844624691829,42.856245868615474],[-71.044400999702333,42.848788999930825],[-71.047501000407891,42.844088999862493],[-71.053565269972808,42.833153431496974],[-71.053590420105806,42.833108078633934],[-71.053600999564907,42.833089000052318],[-71.064201000441585,42.806289000079381],[-71.065419322579373,42.806558342898938],[-71.091179642533803,42.81225335658614],[-71.09974396395863,42.814146731013963],[-71.102787752585257,42.814819642508063],[-71.115753530543046,42.817686077698212],[-71.132502999901149,42.821388999728335],[-71.147905816494912,42.816105475891021],[-71.149703000425362,42.815489000180477],[-71.165603000392892,42.808688999916292],[-71.166271832952873,42.808274960779343],[-71.167703000117442,42.807388999783036],[-71.174370093136915,42.801617486949148],[-71.174403000222384,42.80158899982932],[-71.182278709981347,42.79425242691881],[-71.184653925661138,42.792039808129616],[-71.186103999667495,42.790689000149897],[-71.184080459150053,42.765706903875341],[-71.182888900519529,42.75099623503732],[-71.181802999936096,42.737590000299178],[-71.193739607717291,42.74016597581123],[-71.19775112445005,42.741031679520404],[-71.208137000200665,42.743273000192445],[-71.208226999714029,42.743293999886511],[-71.208302000057103,42.743314000091182],[-71.213638703412158,42.744468427016251],[-71.216506461769001,42.745088776176068],[-71.223904000098813,42.746689000271076],[-71.233404000435343,42.745488999678301],[-71.24550400008863,42.742588999764969],[-71.245539258963518,42.742567357912648],[-71.255198770450107,42.736638343906066],[-71.25514699964198,42.736554000233738],[-71.251235999897943,42.721222000227314],[-71.247912999609611,42.708119000180233],[-71.245936999733658,42.700309000245589],[-71.244272000202329,42.693746000108113],[-71.238434000087778,42.670763000120573],[-71.238178999819667,42.669419000166393],[-71.240397000443281,42.666730000209853],[-71.242489999596785,42.662345999910919],[-71.244171999744879,42.661513999798714],[-71.250111999966663,42.660987000058746],[-71.251716000296966,42.660332000146482],[-71.254965999892008,42.657775000254809]]],[[[-70.58028499960362,42.636025000301899],[-70.578709999585655,42.634548000127197],[-70.57564800031156,42.634451999890075],[-70.573509000228995,42.636375999817872],[-70.573376999984504,42.63950700027894],[-70.575088000444907,42.639780000216973],[-70.58028499960362,42.636025000301899]]],[[[-70.592189000336631,42.629471000214764],[-70.591606999830333,42.627502999864632],[-70.588036999669825,42.626413000321136],[-70.586819000027234,42.628156999814919],[-70.588245000082296,42.630605000007947],[-70.592189000336631,42.629471000214764]]],[[[-70.5936809996156,42.660454999694053],[-70.593092000334948,42.659307999914162],[-70.590000999850218,42.658980999994398],[-70.587568000039781,42.661907999974069],[-70.588105000340207,42.662642000181144],[-70.589251999837686,42.66274500003621],[-70.591063999682135,42.661311999713114],[-70.592950999869629,42.661197999859077],[-70.5936809996156,42.660454999694053]]],[[[-70.723148000383347,42.568156999759147],[-70.723735999839107,42.567019000166923],[-70.722920999704328,42.566502000198867],[-70.721656000206053,42.566088000307531],[-70.721515999565668,42.566350999797727],[-70.721206999769166,42.566481000265753],[-70.720897999972706,42.56672999996303],[-70.721037999714781,42.567164000263872],[-70.721150999692682,42.567763999774215],[-70.720532000274801,42.568406000043872],[-70.720476000198317,42.56888200018669],[-70.720640000229835,42.569659000146046],[-70.721222999662714,42.569933000321448],[-70.723148000383347,42.568156999759147]]],[[[-70.783055000069382,42.553460999675124],[-70.783239000192395,42.55234200027558],[-70.782302999683793,42.55183399969863],[-70.780991000329877,42.552408000156461],[-70.780695000053868,42.553641000229874],[-70.781606000448107,42.554015999993894],[-70.783055000069382,42.553460999675124]]],[[[-70.788782999680734,42.534006000172155],[-70.789402999821831,42.531931000248072],[-70.788668999877913,42.53091499970833],[-70.787708000153273,42.530579000292569],[-70.787222999731384,42.53089600021908],[-70.786491000335573,42.530827000004543],[-70.785616999751269,42.531206000117777],[-70.785308999779687,42.531956000170958],[-70.784909999571511,42.532543999893285],[-70.784275000260109,42.532493999846295],[-70.783537000118216,42.532849999997225],[-70.783035999802792,42.533260999990667],[-70.782251999630176,42.533715999776263],[-70.782649000188513,42.534604999924547],[-70.783005999665576,42.535481000322406],[-70.784527999980099,42.536355000018027],[-70.785589999987096,42.53697800015042],[-70.787031000110744,42.537295000032287],[-70.788238999707602,42.536835999879841],[-70.788659999657085,42.535774999837322],[-70.788782999680734,42.534006000172155]]],[[[-70.80222800009652,42.551048000063346],[-70.803340000332213,42.54829899977549],[-70.802090999829161,42.547187999748509],[-70.800064999724484,42.547704000278948],[-70.796668999641241,42.54645900002906],[-70.79439700038759,42.548038000254124],[-70.794610969206801,42.548930384063382],[-70.795030000049181,42.550678000009668],[-70.796272999806121,42.55112599978753],[-70.797568000339922,42.549712000259092],[-70.798512000346136,42.549757000006082],[-70.799380000184357,42.551238000222241],[-70.801633999894676,42.551474000220274],[-70.80222800009652,42.551048000063346]]],[[[-70.817432999579879,42.514026999715448],[-70.816897999827589,42.513324000195261],[-70.815742999934173,42.512349000314572],[-70.814070000006922,42.510400999788054],[-70.812664999868247,42.510116999929835],[-70.812146000009506,42.510326999856069],[-70.811927999551287,42.510906999928544],[-70.811942510936376,42.511024494523838],[-70.8120620003439,42.511991999981042],[-70.813634999813743,42.512755999926632],[-70.815091000006021,42.514051000322418],[-70.816395999687245,42.514606000034384],[-70.817432999579879,42.514026999715448]]],[[[-70.835581000308267,42.483832999695721],[-70.835548999622887,42.482935999729349],[-70.83535500035245,42.482254999872197],[-70.834621000408532,42.481961999982943],[-70.8334649997919,42.481994999688567],[-70.833496218942969,42.482255156221093],[-70.833570000272189,42.482869999968322],[-70.834049999772915,42.483191000199454],[-70.833960000259552,42.483545000321634],[-70.833449999723285,42.483634000046614],[-70.833000000359803,42.484187000160148],[-70.833704999991411,42.48527200020839],[-70.834285999774451,42.485336999766524],[-70.83488499999919,42.484882999780162],[-70.835581000308267,42.483832999695721]]]]},"properties":{"NAME":"Essex County","GEOID":"25009","BASENAME":"Essex"}},{"type":"Feature","geometry":{"type":"Polygon","coordinates":[[[-73.02301499560204,42.741135224333334],[-73.023708999854577,42.702689999680125],[-72.997877999555257,42.70126399990535],[-72.949638999702373,42.705111000194208],[-72.948703000092081,42.703634999788832],[-72.950228999706255,42.701164999837069],[-72.951690999746333,42.700510000169466],[-72.953880000057637,42.698157999813738],[-72.951735999952177,42.695652999681236],[-72.951647000263705,42.693950999939204],[-72.952948999571902,42.691294000118738],[-72.954352999885657,42.690276000244623],[-72.95738699957063,42.690112999916998],[-72.959334999857504,42.689517999728757],[-72.961375000205891,42.688224999699734],[-72.96380200016857,42.687492000211392],[-72.971584000372005,42.689055000111296],[-72.973520000064994,42.68880800002465],[-72.977495000281479,42.685913000032883],[-72.976987000293349,42.682792999679492],[-72.975609999743781,42.680424000101731],[-72.975825999653836,42.679421999997984],[-72.977256999731779,42.679050999903367],[-72.983884000041797,42.679385000205464],[-72.988896999975807,42.678662999916128],[-72.989772000385045,42.678219000151373],[-72.988532999927727,42.67533200005353],[-72.98925099997814,42.67423300019081],[-72.994664999770137,42.674322000268255],[-72.995539000354441,42.673156000318379],[-72.993268000027399,42.671046000126672],[-72.988583999981358,42.667375999687259],[-72.985529000379969,42.665938000078711],[-72.982406000108213,42.665201000232493],[-72.980037999696762,42.664108000165704],[-72.976554999574887,42.661232000138739],[-72.97520899988578,42.660824000179886],[-72.972844999672304,42.662721999923015],[-72.968763000224016,42.664246999717712],[-72.963947999758417,42.664294000223016],[-72.962094000081208,42.667022999931525],[-72.96044299989525,42.667387000182593],[-72.957431999776475,42.666971999962009],[-72.95472100013167,42.665624000312654],[-72.95435799990851,42.662460999765969],[-72.955532999893393,42.659374000192415],[-72.95557300007637,42.654513000327867],[-72.954275000067852,42.65171299996728],[-72.952912999586886,42.650895000011481],[-72.95109599971957,42.64135600016408],[-72.951038999818167,42.641006000132144],[-72.954598999932941,42.628653999940198],[-72.975408999902328,42.556037000089106],[-72.876849000015383,42.541197000175295],[-72.876658000219678,42.531733000320102],[-72.875460999595148,42.525897000110717],[-72.870319999614637,42.525149999837218],[-72.875155000171702,42.507249000140007],[-72.871135999574321,42.484040999780888],[-72.855633000165128,42.480919999704177],[-72.831566000029682,42.476376000281732],[-72.831494000059649,42.476997999711237],[-72.809898000267808,42.473204999740418],[-72.773328999897871,42.466782000287566],[-72.773600999884437,42.465540000205564],[-72.763791999751419,42.463665000239331],[-72.764299999739521,42.460156000188782],[-72.758286999722799,42.46092600017505],[-72.759111000078434,42.45649399982031],[-72.76511400004938,42.455884000299619],[-72.76593699968177,42.451681000113801],[-72.757110000088105,42.452412999964302],[-72.757757999818296,42.445883000319952],[-72.700877000319664,42.452920000191874],[-72.704244000090597,42.40748099976787],[-72.704392000228594,42.405550000080225],[-72.669137999585629,42.40971100006648],[-72.629085000167223,42.414310999672409],[-72.622314999742059,42.415107999913772],[-72.585584999713646,42.423144000086396],[-72.581143000415281,42.42258099988527],[-72.581103000232304,42.422578999894377],[-72.575917000045933,42.423255999794435],[-72.544199000126611,42.427150000150561],[-72.540491999698759,42.427628999679328],[-72.530967999971068,42.428853000276327],[-72.489891000180506,42.43381600001149],[-72.483976000073099,42.408714999892631],[-72.48369599969061,42.40748099976787],[-72.375022000072121,42.420818999767377],[-72.375376999899359,42.419009000026549],[-72.371966999572408,42.415969999932166],[-72.373534999917695,42.41339199995592],[-72.369917000076597,42.410740999984512],[-72.37141099990373,42.408615000045721],[-72.369968999955134,42.408032000158862],[-72.366576000244933,42.403506000065811],[-72.367994999729007,42.402660000255636],[-72.369363999882651,42.40028299970988],[-72.367911000063401,42.397537000031569],[-72.368824999932386,42.396441000274578],[-72.367125000240947,42.39458300025386],[-72.367717999719559,42.394068000126467],[-72.366699000268611,42.391123999933349],[-72.365496999621215,42.390633000129419],[-72.365963999601448,42.388761999690082],[-72.364269999757781,42.388130000304649],[-72.363813999648215,42.386671999953094],[-72.366829999789857,42.385352999987525],[-72.365837000278162,42.382945999886537],[-72.363724000134852,42.381820000026458],[-72.365807000140919,42.381746000007361],[-72.366659000085633,42.380855000283475],[-72.366141000051769,42.378238999816702],[-72.364190000290179,42.378816000289376],[-72.363723000309932,42.376443000067894],[-72.363989000448697,42.373636999857808],[-72.362765000060023,42.372040999838056],[-72.360816999773135,42.371213000017292],[-72.360764999894613,42.368775000209851],[-72.358033000333407,42.366796999812173],[-72.356365000429008,42.366507000106992],[-72.35732100013081,42.365009000077393],[-72.35925799964869,42.363914000156157],[-72.357240999764855,42.359696000019007],[-72.358985999662139,42.356694999979453],[-72.358968999943698,42.355639000166541],[-72.35719300008428,42.354299999833941],[-72.35794700011968,42.353094000305973],[-72.356448000269694,42.350666999679675],[-72.35840599970399,42.349928999940197],[-72.35802800031054,42.347912000010858],[-72.359375999649473,42.345565999981233],[-72.356563999722326,42.343233999760749],[-72.355029999712229,42.342715000331566],[-72.35539600030846,42.340677999888939],[-72.354060999591667,42.340084999979993],[-72.352883999956958,42.338173999707834],[-72.351199000334134,42.33441700033049],[-72.352524000106854,42.332438000091734],[-72.352531999604452,42.331135000135028],[-72.351128000189021,42.329562999959478],[-72.353593999611434,42.327691999930174],[-72.351178000417733,42.324883999811284],[-72.354301999616098,42.323682999745017],[-72.353001999957741,42.321251999719131],[-72.355227000254061,42.318198000062793],[-72.354556000059318,42.316048999763147],[-72.356157000016552,42.314374000249913],[-72.357327999803474,42.310389999847054],[-72.359031999692888,42.309757000072317],[-72.358731000292323,42.308822000074947],[-72.360477999839432,42.308699999954754],[-72.360369999884398,42.307790999805079],[-72.356018000099397,42.303282999890399],[-72.354209999554584,42.305683999887599],[-72.351891000445278,42.306412000167199],[-72.351688999880594,42.30426200014692],[-72.350373000328702,42.304168000040512],[-72.349555999645773,42.306030999821544],[-72.350658999660666,42.30738999976235],[-72.352278000059556,42.307938000072213],[-72.349888999731718,42.308042999957927],[-72.351458999726816,42.309993000266566],[-72.350159000068459,42.310312000237552],[-72.348656000020497,42.309175999978279],[-72.345889000299209,42.309968999836876],[-72.343597000055766,42.31188699978626],[-72.342090999634749,42.314331000030862],[-72.337705000412868,42.31453900010731],[-72.335245999764822,42.315142000218671],[-72.334715000210494,42.317617999846142],[-72.332301999593199,42.319408999671943],[-72.329118000120388,42.31968699980942],[-72.328333000122853,42.318558000325673],[-72.327223000435282,42.320467000241557],[-72.327399999987293,42.323476999832444],[-72.328219000320018,42.325247999886834],[-72.326762000302836,42.326813999811563],[-72.326214000131742,42.325158000118847],[-72.324673000448968,42.326765999817923],[-72.326054000298171,42.328477999750866],[-72.324865000069579,42.330819999977514],[-72.322724000337175,42.331039000064393],[-72.32316500037814,42.333522999728281],[-72.317631000037238,42.339625999849964],[-72.315055000111656,42.339410999754953],[-72.314923999692084,42.342644999820962],[-72.314253000395667,42.343687999823032],[-72.314276999786784,42.348337999684389],[-72.312611000430536,42.350796000099251],[-72.312218999895052,42.352523999692146],[-72.313653000346036,42.354335999672209],[-72.313121000068463,42.355697000024627],[-72.313798999935898,42.357790999953437],[-72.311546000050512,42.358849999828372],[-72.312965000432868,42.36211399978518],[-72.310504999959903,42.364294000190824],[-72.313107999649688,42.36855699967596],[-72.315655000161271,42.369479000231955],[-72.314567000215021,42.371405000110983],[-72.311431000422772,42.372205999738831],[-72.312086999650575,42.373765000133481],[-72.313158999703305,42.373587000208133],[-72.312065999734173,42.376430999921929],[-72.313640999752138,42.377584000207165],[-72.313116999870502,42.378751000324023],[-72.314349999581722,42.381656000153562],[-72.312924000424971,42.382687000101726],[-72.310852000289543,42.385866000129312],[-72.31164599960961,42.386608999969262],[-72.310043000002537,42.387390000231591],[-72.312572000072478,42.388670000196278],[-72.312658000286206,42.390931999753882],[-72.314507999765453,42.391655000191136],[-72.313391000405218,42.392758999725437],[-72.315819000192789,42.39453999981491],[-72.313630999706405,42.396404000268987],[-72.315087999723602,42.398856000040006],[-72.314039999960315,42.39918300000371],[-72.312568999699423,42.403502999830266],[-72.313572000155162,42.406639999754645],[-72.31035699982192,42.407928999862499],[-72.310273000156315,42.410674000206022],[-72.309302000385941,42.410857000025707],[-72.308616000122598,42.414690999813473],[-72.306481000237952,42.416467999769964],[-72.3066810002545,42.419200999844847],[-72.305610000026675,42.420356999795558],[-72.302279000240773,42.420315999841748],[-72.30099200010288,42.421945000232711],[-72.301285000005862,42.423618999805711],[-72.302456999617704,42.424019000023861],[-72.300329000304075,42.424561999974507],[-72.297096000427459,42.426592999706166],[-72.29355600040418,42.430021999689913],[-72.292090999991061,42.429965999937266],[-72.290888000417084,42.434044999938067],[-72.288673999991417,42.43557500012156],[-72.290726000035363,42.437339999806937],[-72.287278000073599,42.437245999756271],[-72.287339999997869,42.438457999951552],[-72.283259000374514,42.441188999988739],[-72.291287999551841,42.479525000039907],[-72.244868000114394,42.513438999843963],[-72.269110999976959,42.533424999808084],[-72.271352000166772,42.547227000049233],[-72.273589999983585,42.560998999883395],[-72.274099999621512,42.562568000058171],[-72.276659999653575,42.570438000248508],[-72.276433999697758,42.577373999891464],[-72.275072000115117,42.576693000259219],[-72.273845000251697,42.577432999902911],[-72.273225999935505,42.579342000140358],[-72.271811999576002,42.578301000021639],[-72.271390999626533,42.576273000077002],[-72.270003999929543,42.576337000073273],[-72.268613999859483,42.577871999961857],[-72.265397999701293,42.577610999767444],[-72.263463999658129,42.575956999876958],[-72.261332999971472,42.575921999777286],[-72.263061000150316,42.583433000217916],[-72.267063999955866,42.600812999679029],[-72.265447000105112,42.600957000095306],[-72.262154999778943,42.600250999847944],[-72.260046999658499,42.601142999864962],[-72.258809999749332,42.603720000077686],[-72.256329000258305,42.605122000031017],[-72.253310999568527,42.605336000036509],[-72.254745000019497,42.611614000151334],[-72.25177300025878,42.612138999810661],[-72.240009000166182,42.61372099974713],[-72.238409000033855,42.614620000245573],[-72.231959999999077,42.613950000303639],[-72.229945999589944,42.614388000122425],[-72.227763000024737,42.616222999677341],[-72.228334999586949,42.618857999740371],[-72.227549999589414,42.622074000062433],[-72.229856000076566,42.622083999865623],[-72.22906600005615,42.623998999995123],[-72.230544999814654,42.623781999739215],[-72.231175999826405,42.625862000022188],[-72.227797000359942,42.626497999943879],[-72.225314000320751,42.630426000160703],[-72.226451999597415,42.634946000260307],[-72.228211999563314,42.636493999758379],[-72.229077999751709,42.638354000308262],[-72.224931999831014,42.638936999952996],[-72.229480000332941,42.662665999784245],[-72.242108999890704,42.661641999676824],[-72.243494999762802,42.669247999817657],[-72.257325000143041,42.667940000118023],[-72.258536999937846,42.675424000285439],[-72.271956000414377,42.674671999737541],[-72.283032875552877,42.721558708580751],[-72.285954000125798,42.72163100009066],[-72.326282472417645,42.722851382104331],[-72.412033237463163,42.725446291681337],[-72.429220084854975,42.725966383868936],[-72.437871926442995,42.726228197535796],[-72.451195743228624,42.726631390256195],[-72.458518999867607,42.726853000056487],[-72.516711183049878,42.728467669785942],[-72.565356427125394,42.729817438958051],[-72.570288454716305,42.729954288808386],[-72.59862032434242,42.730740418999801],[-72.616353485767547,42.731232463971928],[-72.674684822478909,42.732850995209759],[-72.685763488858115,42.733158397344297],[-72.779257081272462,42.735752582158511],[-72.791076431061299,42.736080535919292],[-72.80695778829174,42.73652119911597],[-72.809113000270244,42.736580999748782],[-72.857658583451524,42.737614628755971],[-72.864300520948092,42.737756048216418],[-72.927190368450184,42.739095093912105],[-72.930104828422003,42.739157148471158],[-73.018645354701476,42.741042346334368],[-73.022902999940627,42.741133000324574],[-73.02301499560204,42.741135224333334]]]},"properties":{"NAME":"Franklin County","GEOID":"25011","BASENAME":"Franklin"}},{"type":"Feature","geometry":{"type":"MultiPolygon","coordinates":[[[[-71.501262999677223,42.111685000086005],[-71.503077999894714,42.110285000161412],[-71.500599000053484,42.10745699996653],[-71.501225000042396,42.105944999830506],[-71.499689000382475,42.103489999734855],[-71.49693000015877,42.102356999960165],[-71.49553000004299,42.099961999838619],[-71.498126999884974,42.093415000284153],[-71.498235999664914,42.088562999828909],[-71.498269000175199,42.075750999833588],[-71.498286999718545,42.064877999984532],[-71.498305999985106,42.058195999758425],[-71.498261999604182,42.034383000201956],[-71.498259999954371,42.031590000313855],[-71.497900999929158,42.031512999981508],[-71.498167000067951,42.024669999674778],[-71.49825830124017,42.017220233203304],[-71.491354280259443,42.017313448567194],[-71.48378311824645,42.017415672301098],[-71.483712882567659,42.017416620670254],[-71.458116645289735,42.017762211858916],[-71.4581035191068,42.017762389385204],[-71.424356922951631,42.01821802426479],[-71.414418614825053,42.01835220765804],[-71.381400999726296,42.018797999780098],[-71.381437041033806,42.000020869498805],[-71.381465710766093,41.985084319889168],[-71.364344000215524,41.985293000030921],[-71.342822000043526,41.993546000185184],[-71.338794999948519,41.995091999983345],[-71.326932000121715,41.999646999943877],[-71.303615999648628,42.008585000159748],[-71.288264999677082,42.014461999696785],[-71.270160000403024,42.02153500027746],[-71.258734000419238,42.025998999908488],[-71.256859999752209,42.0267309998328],[-71.242364000098405,42.032394999840413],[-71.235434999664591,42.03510500018885],[-71.223893000228159,42.03961800012285],[-71.211580000139563,42.044428000096779],[-71.208502999898542,42.045626999962323],[-71.192628999870266,42.051825000294293],[-71.178457000081579,42.057362000141474],[-71.168680999560507,42.061160999815392],[-71.14226000015563,42.071363000157547],[-71.138607000154437,42.072774999882903],[-71.112862999893778,42.082863000243812],[-71.098373000087761,42.088533999948389],[-71.093279999787811,42.090530000227666],[-71.080483000000555,42.095539000170817],[-71.079343000175754,42.095993000198767],[-71.067005999797715,42.100905000209558],[-71.061256000445056,42.103194000148008],[-71.057765999752178,42.104570000107906],[-71.044305000341183,42.109878000094241],[-71.041055999672736,42.111169000284697],[-71.034188000236583,42.113872000251014],[-71.025533999996952,42.117292999906262],[-71.021859000254452,42.118745000131895],[-71.016723000296793,42.12075299993645],[-71.002029000276295,42.126506000230236],[-71.001974000024717,42.126525999706189],[-71.00215200029993,42.127304000271153],[-70.981270000360524,42.13551100005408],[-70.977437000434293,42.137010999787982],[-70.970875000421586,42.13958000024563],[-70.954644999842841,42.145938999952577],[-70.948963000262239,42.148156000295295],[-70.940767999606933,42.1513649999007],[-70.934566000342656,42.153792000323463],[-70.928462000089354,42.156183999921986],[-70.924876999860217,42.157580000312024],[-70.923323999583545,42.167936000204982],[-70.921366999974168,42.180980000299108],[-70.921167999782526,42.182300999946399],[-70.919458000045353,42.193702999907856],[-70.918684999743377,42.198859000160937],[-70.916996999747482,42.210117999821136],[-70.91626399962847,42.214996000043143],[-70.914744999686988,42.225115000120091],[-70.916333999948677,42.225718000180166],[-70.920489999915091,42.225799999968508],[-70.922090000047433,42.225299999830959],[-70.923490000163213,42.225900000052981],[-70.92375100027914,42.228055000303243],[-70.922389999623093,42.229299999804347],[-70.925789999904282,42.236800000072478],[-70.929591000043473,42.242700000035278],[-70.931289999910021,42.244299000040797],[-70.931109999984955,42.246392999939587],[-70.93101899974836,42.247041000116631],[-70.931191000175815,42.248600000252338],[-70.93349099991687,42.249999999955087],[-70.93243499975766,42.252644000225196],[-70.919319999953089,42.254703000075203],[-70.917081000311384,42.255599999877496],[-70.918190999998956,42.260099999840008],[-70.917390000107886,42.26389899978706],[-70.908990000311462,42.264398999917582],[-70.908285908876621,42.264715330357483],[-70.909421000306679,42.268285999947594],[-70.912932000017662,42.269791999677189],[-70.9182360002048,42.271861000010333],[-70.925897000034411,42.269170000181226],[-70.924830000004562,42.263339000065514],[-70.927226999829998,42.257381000205001],[-70.936163999926848,42.256817999845644],[-70.943172000003372,42.252102999913753],[-70.944553422060778,42.251568939519593],[-70.949223676086334,42.249763409235662],[-70.954839815681879,42.247592197343366],[-70.95536799991612,42.247387999925472],[-70.957456999769988,42.247338999761595],[-70.959494999570225,42.245327999856151],[-70.962051295848369,42.246381792243014],[-70.96212699957232,42.246413000093874],[-70.962130362864727,42.2464367334779],[-70.962270936630276,42.247428933888607],[-70.962401999931927,42.248354000324809],[-70.962211834671123,42.248656324674187],[-70.960185999856435,42.251877000100698],[-70.957270000172244,42.254988000034309],[-70.958389999905535,42.256687000249272],[-70.960204000298106,42.255771000101902],[-70.965811000433959,42.257765000192073],[-70.965428999944223,42.259689999940015],[-70.964241483732479,42.260589766335706],[-70.963802999872627,42.260922000106198],[-70.962110999678785,42.260736999771559],[-70.959360999675923,42.262597000135806],[-70.954091325014105,42.261175345271582],[-70.951802999778479,42.260557999721797],[-70.95118500018549,42.261266000291563],[-70.952172999674332,42.264061999895588],[-70.950448999693435,42.267300000198205],[-70.950110801056965,42.269304517603203],[-70.949283999754286,42.274205000038208],[-70.953186000175833,42.279854000065079],[-70.954894000263181,42.280465999809323],[-70.955723999568278,42.279418999965856],[-70.954105000067685,42.274793000262122],[-70.956219000035901,42.270793999720368],[-70.957240073696866,42.270579322139589],[-70.958812200902543,42.27024878780346],[-70.964884999971105,42.268972000282844],[-70.968008850947427,42.266773283940282],[-70.968498608847071,42.266428568588779],[-70.970479103892728,42.265034600909324],[-70.973356999737533,42.263009000167905],[-70.980713999793522,42.265317999901612],[-70.98527800018897,42.264347000104692],[-70.986674146532181,42.264671170728448],[-70.995797112265876,42.26678942727137],[-70.996002000015878,42.26683699968445],[-70.998341000115005,42.272408999747206],[-71.008794023136474,42.276772404228431],[-71.013151621222335,42.278591396629814],[-71.016138000315792,42.27983800031781],[-71.017252942534057,42.281346388484963],[-71.020145248254323,42.285259341904258],[-71.020915418863169,42.286301293015534],[-71.022310000341164,42.288188000134674],[-71.020209999718332,42.290495000321037],[-71.012768999996752,42.290187000171827],[-71.011204023380699,42.291011237595526],[-71.004616000072531,42.294480999997937],[-71.00610999989965,42.297125000052077],[-71.005206000076413,42.300599000136927],[-70.990245999917136,42.304072999903518],[-70.987428000142202,42.306080000211445],[-70.990470000223112,42.308023000088106],[-70.994908000221855,42.305384999765913],[-71.001308999677761,42.303455000219358],[-71.009101999751863,42.302254999684962],[-71.010674335366687,42.304334540766071],[-71.01080700036448,42.304510000276998],[-71.013902999973737,42.303429000153464],[-71.014251000128283,42.300573000220439],[-71.014502602968022,42.300357552375026],[-71.01465418468905,42.300227753505801],[-71.014941453340512,42.299981766317494],[-71.019638072021337,42.295960060291605],[-71.020328108415256,42.295369183087935],[-71.021522999795479,42.294346000079102],[-71.02336700032528,42.294473999699193],[-71.023297000005087,42.297947999852653],[-71.025836999945653,42.299698000296992],[-71.03039399977007,42.300495999689211],[-71.036796999774111,42.301391999741227],[-71.039049999659525,42.300138000331778],[-71.03337300010179,42.290035999872181],[-71.032107999705218,42.288565000246962],[-71.032812000410232,42.286296999916161],[-71.037113377434039,42.284216841889126],[-71.037263999754359,42.284144000296322],[-71.038127122638912,42.28471504730949],[-71.039079999796755,42.283965999795896],[-71.039293000232092,42.283798999798826],[-71.040494000156244,42.281898000327722],[-71.041593999798067,42.278098000071431],[-71.042782000201754,42.277101999746563],[-71.04488000027645,42.276265999750464],[-71.049801999973852,42.278100000012245],[-71.053284000270821,42.277502000271099],[-71.055574999791048,42.275051999997196],[-71.053494000333103,42.272457999709971],[-71.053835999741551,42.271698999864697],[-71.062188999682292,42.267159000331496],[-71.064695000186006,42.26860700005215],[-71.065096999868899,42.270659000223063],[-71.067815000084721,42.271396000271757],[-71.068139999774729,42.270999999878192],[-71.072043999846088,42.270817000039216],[-71.073264000036801,42.270317000291151],[-71.075245999760568,42.270299999690209],[-71.076491999890564,42.270509000073211],[-71.080852000071502,42.269321999748378],[-71.082761000000318,42.268634000321917],[-71.089403000378951,42.269689999806495],[-71.090257999798396,42.266638999770549],[-71.093735999897405,42.26713600000739],[-71.093908000324845,42.267139999919841],[-71.097482999609909,42.263089000281553],[-71.097899000434836,42.262882000319166],[-71.103672000252033,42.259723000281923],[-71.104062000239367,42.259862000303706],[-71.105001000222714,42.260803999919517],[-71.108404999803554,42.261115999730251],[-71.111460000303254,42.260769000317509],[-71.113259999553804,42.25892600023024],[-71.11300900038195,42.258689000197862],[-71.112391999715584,42.258115999999447],[-71.109543999803421,42.255411999892722],[-71.109465000160711,42.252409999992572],[-71.109347000159929,42.24798999987771],[-71.112056999979828,42.246585000094861],[-71.114562999585203,42.24528400021466],[-71.116529000313747,42.244273999674228],[-71.125669999726782,42.239526999753316],[-71.126376999906512,42.239161999995453],[-71.122601999706617,42.234515000317948],[-71.124586999803412,42.234011999690225],[-71.125477000281236,42.231881999904296],[-71.127419999646932,42.231176000163515],[-71.130748999783037,42.227910999858594],[-71.130771000422641,42.22792599971239],[-71.136664999715364,42.23191000030593],[-71.139240999640947,42.233659999759873],[-71.142681000105128,42.235998000135524],[-71.143497999889718,42.24006500012397],[-71.144068999627024,42.242818999712519],[-71.146127000417067,42.252964000143784],[-71.146305999618903,42.253933000324487],[-71.146642000077875,42.25575500022503],[-71.150386000315649,42.257460000180416],[-71.152117999794157,42.258246999951609],[-71.155958000291406,42.256484999785201],[-71.158584000445714,42.255154999915817],[-71.161573999749763,42.257545999805487],[-71.163393000165215,42.259022999863134],[-71.167392999597709,42.262197000084889],[-71.168603999567608,42.263160000089599],[-71.17154100006654,42.266142000268879],[-71.174153999802058,42.267021000255554],[-71.174609000086718,42.268372999888896],[-71.172952999877893,42.270298000166662],[-71.173342000040321,42.270849000122055],[-71.173583000064752,42.271415000065275],[-71.174846999738094,42.273729000206934],[-71.174418000291013,42.275041999809027],[-71.174564999705794,42.275576000325053],[-71.174972000309879,42.276004000008712],[-71.177461000196828,42.276867999881034],[-71.183158999670965,42.275912999944978],[-71.185306999974372,42.279496999961644],[-71.185989999864674,42.279770999795154],[-71.188211999787924,42.280437999690101],[-71.190752999553425,42.281840000198407],[-71.191247000196157,42.282992000145505],[-71.190885999622807,42.285823000071048],[-71.193219999699068,42.288013999679677],[-71.195268000443363,42.287964999850594],[-71.195793000149919,42.286195999684566],[-71.196732000133267,42.286078000287951],[-71.201590000256559,42.288633000192739],[-71.202975000303738,42.288574000146262],[-71.205239999884697,42.289568000309785],[-71.206349999572254,42.294266999815193],[-71.207881000107619,42.297157000064459],[-71.211565000070948,42.299730000330726],[-71.211252999901419,42.302266000123694],[-71.21128899988642,42.303106000227864],[-71.213274999808135,42.306160999985906],[-71.218189999832845,42.306795999741261],[-71.22050800001557,42.306407000236888],[-71.224109999963147,42.30729999969666],[-71.226688000436866,42.308249999732169],[-71.226310999969996,42.31028400009869],[-71.227068000378466,42.312397999802123],[-71.226285999855634,42.314117000218324],[-71.227542999856297,42.315399999760579],[-71.228034999950893,42.316837999967383],[-71.228727000062023,42.319277999986646],[-71.231143999978954,42.320841000193717],[-71.234420000411589,42.320809000263459],[-71.238786000440314,42.321798999950879],[-71.24078900008044,42.320897999987643],[-71.246145999971034,42.321012999706056],[-71.246798999724106,42.321061000103924],[-71.24918999970177,42.323638000086056],[-71.252937000312599,42.326755999869981],[-71.25459400034633,42.325286000192932],[-71.257396000227743,42.32448200018176],[-71.258474000128246,42.32529999991543],[-71.258998999834802,42.326341000296402],[-71.26309200005204,42.326052000070973],[-71.265687000244199,42.327242000017478],[-71.269957999838354,42.32808600024493],[-71.281369999578445,42.325225999734059],[-71.291793000004802,42.322602000115374],[-71.305980999687023,42.319068999979756],[-71.317208000377519,42.316257000139828],[-71.32732700013193,42.313746000032786],[-71.329749999896649,42.312990999690989],[-71.326395999646209,42.304402000158241],[-71.326351000338661,42.304288999755741],[-71.323662000435178,42.297415000234601],[-71.321658000071807,42.293894000149344],[-71.321540999895944,42.293686000297292],[-71.30846000042655,42.270708999972143],[-71.30583199972412,42.260080999960309],[-71.302921999887687,42.24827400013627],[-71.33249599970155,42.249075000214418],[-71.332433999777265,42.247728999767681],[-71.329436000077294,42.245301999739191],[-71.329771999637941,42.242592999887997],[-71.330776999743534,42.241051000120393],[-71.331185000172525,42.237584999682873],[-71.329694999645056,42.233328000173046],[-71.331730999795482,42.231437000239701],[-71.333581000173055,42.230396999693433],[-71.336746000277628,42.227493000060825],[-71.341011999848902,42.224472000058569],[-71.341657000104377,42.221921999845449],[-71.34316600000011,42.220612999989498],[-71.340965999818152,42.218108000179797],[-71.338623000419389,42.216893999751107],[-71.338505000418607,42.215229999982085],[-71.339954000039882,42.21387300024162],[-71.346809999780476,42.215588999971445],[-71.348316000201464,42.214889000163211],[-71.349983000280929,42.2139510001521],[-71.351478999757873,42.211545999747756],[-71.352155999800402,42.207370999946129],[-71.350699999608125,42.205782999914824],[-71.346541000166951,42.204641000062551],[-71.346814999803328,42.203556999853454],[-71.344170000280769,42.200703000206886],[-71.361985999849821,42.195760999885081],[-71.378391000330737,42.193471999700108],[-71.384765000022483,42.192013999764427],[-71.404426999771161,42.18843300014386],[-71.403138999808363,42.182609999704596],[-71.402295000259571,42.178793999818005],[-71.423549999569587,42.178130999702745],[-71.423730000392951,42.179252999871174],[-71.426624000335849,42.179311999685694],[-71.430174000404875,42.179386000176251],[-71.444066999636007,42.174888999863427],[-71.464004999569198,42.158198999699806],[-71.47274400019765,42.156873000259104],[-71.47811899963159,42.156782000179632],[-71.478158999814553,42.154017000022513],[-71.478284000386338,42.146876999699643],[-71.478522000037714,42.131377999924169],[-71.489881000074348,42.124734000146361],[-71.495756999823712,42.120656999910182],[-71.501393000271875,42.116677000279751],[-71.501262999677223,42.111685000086005]]],[[[-70.844663999994978,42.242271000146218],[-70.853380000158893,42.239606999727904],[-70.840800000106583,42.213117999907837],[-70.827014999932189,42.200786000068931],[-70.797111000405437,42.218176000289532],[-70.79137200002512,42.221511999933867],[-70.789141999705947,42.22280799974174],[-70.788936999666532,42.225475000263017],[-70.784814000210375,42.225880999849529],[-70.785557000375121,42.226345000171058],[-70.785523000039944,42.229463999946574],[-70.787883000055459,42.229100000271067],[-70.788679999748567,42.23259700030605],[-70.786770999819751,42.234041000148721],[-70.784513999736404,42.23469300012718],[-70.781972999970918,42.23643200027216],[-70.783941000349273,42.237646999751142],[-70.783353999820122,42.240513999745069],[-70.786616999833967,42.239571999668378],[-70.789041000321902,42.24017000008903],[-70.786724999789001,42.242549999870882],[-70.784820999883053,42.246298999927561],[-70.781461923252948,42.24871801928537],[-70.784401999583395,42.248583999886158],[-70.786778000390768,42.250870999669743],[-70.788724000129505,42.253920000045923],[-70.791381910239323,42.254960970648966],[-70.811741999778448,42.262934999889282],[-70.824660723981665,42.265934646030189],[-70.826985999619865,42.264367999740273],[-70.83623700043438,42.264664000253759],[-70.838644000305564,42.263498000148985],[-70.840626999854237,42.260989000057535],[-70.844627000185042,42.260425999998375],[-70.844752999683436,42.259779000298856],[-70.845698000412867,42.258071999969694],[-70.847290000149272,42.254100999693719],[-70.848937000137255,42.252139999770677],[-70.848226999584483,42.250246000113023],[-70.849276999895892,42.24733100008406],[-70.841241000147562,42.244545999991082],[-70.841151999560779,42.243345999860324],[-70.844663999994978,42.242271000146218]]],[[[-71.173715000309215,42.318050999844814],[-71.178934999932466,42.314316000132884],[-71.169800000367218,42.307607000026415],[-71.16642000017751,42.304747000091155],[-71.1647020000444,42.303830000180533],[-71.153691000162297,42.295746000016919],[-71.152112999771276,42.294587999816592],[-71.150300000101936,42.295530000093891],[-71.146883000102306,42.297279999960651],[-71.140135000316761,42.302146999684361],[-71.136502000407063,42.306203999807451],[-71.134359000126508,42.309252000050755],[-71.131862999668556,42.313178000240271],[-71.130641999652909,42.314529999933036],[-71.123710999569255,42.322715999781892],[-71.121528000004062,42.323881999961436],[-71.120111999994748,42.322834999860227],[-71.119538999709306,42.322744999961266],[-71.116536999811359,42.323939000321367],[-71.115929000264131,42.325854999829666],[-71.115562999667929,42.326779999875171],[-71.114546999691697,42.32837199991873],[-71.113271000322769,42.332217000012825],[-71.111413000447598,42.334525000077761],[-71.110808000375087,42.335586000276919],[-71.110750999575359,42.336168000291011],[-71.111550999641537,42.337298999896461],[-71.110596999589589,42.340405000099281],[-71.108224999878502,42.342271999969157],[-71.105515999883508,42.343811999679566],[-71.106740000272211,42.346040000210088],[-71.107213000100245,42.347049000057645],[-71.106894000258009,42.348587999756901],[-71.106854000075032,42.348758999905762],[-71.106701999739059,42.349433000170919],[-71.106570000392907,42.349912000247137],[-71.110936000421617,42.350445999930706],[-71.115807999890308,42.351016999945358],[-71.120286000072028,42.351557000325798],[-71.121311000269088,42.35167499981587],[-71.122855000324904,42.351860999777458],[-71.123518000123724,42.35148599990135],[-71.124206999861812,42.351492999834583],[-71.126134000232284,42.350327000305803],[-71.128727999701212,42.349462999815728],[-71.129746000225595,42.348850000268989],[-71.133380999785103,42.34712199992309],[-71.134253999646205,42.346576999891248],[-71.135154999994725,42.346023000129179],[-71.135985000198104,42.345366000081569],[-71.137823999806727,42.343876000023819],[-71.13880899982081,42.343087000276753],[-71.139977000133001,42.342140000135892],[-71.14129799970776,42.341069999931612],[-71.14175399981734,42.340396000304906],[-71.144211999742154,42.340021999743904],[-71.144779000179824,42.339657000179763],[-71.146215000280606,42.338631999807411],[-71.146155999831066,42.337442000199353],[-71.147266000416934,42.337200999881873],[-71.148482000409729,42.336253000028258],[-71.148294999913659,42.335806999806401],[-71.150104000283363,42.335281999814477],[-71.149853000213184,42.334634999777194],[-71.156262000065027,42.330847000147706],[-71.157036000191923,42.330389999935655],[-71.164599000112233,42.324632000006901],[-71.16734800029019,42.322641000286715],[-71.169222999883814,42.321993999733635],[-71.170484999907359,42.321537999908948],[-71.171720000166687,42.319490000228235],[-71.173715000309215,42.318050999844814]]]]},"properties":{"NAME":"Norfolk County","GEOID":"25021","BASENAME":"Norfolk"}},{"type":"Feature","geometry":{"type":"MultiPolygon","coordinates":[[[[-71.079343000175754,42.095993000198767],[-71.080483000000555,42.095539000170817],[-71.078758000194753,42.088273999737389],[-71.07606900029127,42.076953999776073],[-71.07420600039319,42.069116000153066],[-71.071196999924254,42.056458999941313],[-71.069595000142101,42.049704000315998],[-71.063866999632438,42.02480200000214],[-71.054717999823495,41.985057000181186],[-71.054183999896097,41.982716000081105],[-71.049776000034583,41.964307000312225],[-71.049484999781455,41.96309400005623],[-71.04262700039105,41.959515999725348],[-71.021045999769512,41.946406999772471],[-71.016587999679288,41.943864999943621],[-71.010567000164954,41.940079000169312],[-70.999773000017839,41.929670999856327],[-70.999629000077803,41.928465000125158],[-70.996751999853331,41.927368999785649],[-70.995533000385834,41.92505299997223],[-70.99644800007971,41.923785999733269],[-70.996919000257904,41.923488000333236],[-70.997397000108805,41.918398999988966],[-70.997131999794931,41.916681999849708],[-70.995082000299121,41.914967999731715],[-70.993278999777189,41.916464999992968],[-70.991978000293926,41.915601999976047],[-70.991149999740358,41.90913300001408],[-70.993151999555593,41.90644499968235],[-70.991849000422505,41.906080999718391],[-70.987255999714762,41.905808000222024],[-70.977162999899605,41.875149000110852],[-70.977168999747377,41.87469599975045],[-70.973716999587637,41.860878999823974],[-70.978307999747258,41.85724600022003],[-70.982739000073295,41.855408999959756],[-70.985778999606069,41.854057999674666],[-70.988042000435527,41.851805999903462],[-70.990454000329592,41.850070999773585],[-70.995904999931511,41.8470220000032],[-71.007454999763866,41.838485000012319],[-71.010943999733527,41.835855000042365],[-71.036569999993418,41.816525000312929],[-71.0363080000526,41.816324000099797],[-71.023157000262998,41.806175999668994],[-71.014590999886906,41.799567999922985],[-71.026288000032366,41.778887999878599],[-70.987962999894492,41.783415000192242],[-70.960647999813816,41.786648000313455],[-70.921782000075851,41.791243999759764],[-70.907184000314814,41.763543000021521],[-70.904437999611602,41.757999999701582],[-70.886438999744442,41.76023200015964],[-70.87064000005924,41.715956999888263],[-70.865002999786171,41.700164000320264],[-70.859489000435062,41.684735999924612],[-70.858212000342931,41.681167000045782],[-70.852140999701575,41.663915999955897],[-70.848035999788777,41.65246299991599],[-70.845242000303287,41.644664999698662],[-70.843176309934407,41.628486815543603],[-70.835295999902911,41.62453200022064],[-70.82777399999047,41.624634999973459],[-70.822073999968211,41.627485000123478],[-70.817682999825138,41.623431999711471],[-70.81027899991345,41.624872999972609],[-70.804296164425679,41.627885191656588],[-70.801063000157356,41.629512999820989],[-70.800215000410617,41.631752999835541],[-70.801287927524712,41.634020881976937],[-70.804664000280013,41.641156999909015],[-70.816351000379711,41.64599499994695],[-70.823262000371884,41.648979000292137],[-70.821759003917194,41.654272002447016],[-70.82159799976715,41.65483899981519],[-70.820577586367932,41.65518086480585],[-70.814706000041539,41.657147999813517],[-70.813837728013809,41.657337178305589],[-70.813499444935672,41.657410883180773],[-70.81342578308238,41.6574269326399],[-70.810160840012571,41.658138294907729],[-70.809000999996414,41.658391000266334],[-70.802346000097302,41.655727000003516],[-70.79521599982202,41.650932000030245],[-70.790828999876908,41.653231000208436],[-70.786026999830099,41.652238999951699],[-70.785084570078993,41.652089008194061],[-70.784729038449115,41.65203242399248],[-70.778529454754619,41.651045733476266],[-70.77722517462395,41.650838151545472],[-70.776708999966743,41.650755999776415],[-70.77579799957249,41.649144999799269],[-70.773654000365354,41.64503300029989],[-70.769317999575549,41.641144999886677],[-70.76546299990801,41.641575000077232],[-70.768357999675814,41.645781999938038],[-70.766457000142921,41.648446000034419],[-70.762178000152844,41.648268000030257],[-70.762415999804219,41.652707999907975],[-70.757064999761411,41.652891000222702],[-70.75819799991352,41.661225000209527],[-70.761941000326388,41.66549300019031],[-70.762359999727721,41.66773500013602],[-70.756711999583999,41.666913999923608],[-70.761855999937566,41.672933000266731],[-70.763841999859267,41.67685600021165],[-70.763170342097752,41.677314094365151],[-70.758376000188747,41.680584000277712],[-70.752434000317152,41.678453999952623],[-70.750769999712389,41.675612999922926],[-70.745104000025336,41.672444999835179],[-70.743401999785746,41.67472599995866],[-70.749106000005966,41.680405999864519],[-70.751721000289621,41.685554000135902],[-70.752434000317152,41.690169000019999],[-70.755346999628301,41.694326000239087],[-70.755297188045802,41.69434998717248],[-70.752420008158268,41.695735509850834],[-70.748868000354591,41.69744600001323],[-70.744353000362949,41.697977999737098],[-70.743197176714432,41.696467698293311],[-70.73959899999673,41.691765999700785],[-70.729394999853497,41.688140000103992],[-70.721534999832244,41.681471000017382],[-70.719829000293018,41.677992999994508],[-70.715592999960649,41.675257999709125],[-70.715044999789555,41.681008000205892],[-70.718354999659084,41.690156999737468],[-70.7149059998724,41.691937999904781],[-70.717450999835847,41.693979999804178],[-70.723199000436992,41.696025999671356],[-70.726050999648791,41.700640000143196],[-70.727476999703839,41.702413999781896],[-70.722724000060836,41.70383399991838],[-70.714229999654776,41.701730999668463],[-70.712027999823007,41.707027999983907],[-70.71488599978089,41.710312000118726],[-70.72130200020375,41.712967999872596],[-70.728526000190342,41.722875000027393],[-70.726782403461542,41.72397848513063],[-70.725812999997416,41.72459199980112],[-70.720949000026309,41.723220000186018],[-70.720821999804727,41.727607999747818],[-70.726331000031266,41.732730999962094],[-70.724610671464944,41.733412832076141],[-70.718738999798632,41.735740000188294],[-70.717202070382385,41.734321066881392],[-70.715117999584507,41.732397000167659],[-70.708193000246936,41.730959000093328],[-70.706166000317353,41.728983999882239],[-70.697054000318317,41.729203999916969],[-70.688260000336612,41.723704999987604],[-70.687587610448119,41.724658566381628],[-70.685882999704347,41.727075999819526],[-70.679227999805221,41.727430999684785],[-70.670453000090077,41.721912000219341],[-70.664004999880177,41.71620099984262],[-70.656595999945651,41.715401000192507],[-70.656205999958303,41.713386999781925],[-70.665204999979423,41.70383399991838],[-70.676138000043707,41.69265399972759],[-70.674064000258468,41.691370999870358],[-70.660452000336434,41.705076000322045],[-70.650469000126137,41.713416000212362],[-70.648805000419699,41.718029000296482],[-70.643558190576812,41.717639534083858],[-70.643073912400396,41.717603586827465],[-70.640275999853529,41.723609000125307],[-70.639475999787365,41.726472999918997],[-70.639389999573638,41.728018000308509],[-70.632579999863822,41.733656999707136],[-70.63326799977699,41.735464999853207],[-70.632706000260526,41.737758999796121],[-70.625987999713885,41.744968999697939],[-70.623193000403504,41.745615000198512],[-70.621570999631544,41.746418000291044],[-70.621138999811407,41.747018000020859],[-70.620784999809089,41.747530000280257],[-70.621621999685175,41.748971999745919],[-70.625155999860681,41.751143999755904],[-70.625869999713117,41.755198999678122],[-70.629977999998971,41.761133999825198],[-70.632554999749473,41.762903999807385],[-70.603945000033292,41.774295999879769],[-70.602939000102808,41.774696000323694],[-70.568569999914828,41.78564699999604],[-70.565362999977467,41.786669000255799],[-70.560880999597813,41.790544000152053],[-70.547559000103988,41.802055999898435],[-70.545887000001642,41.803500000290022],[-70.545868999559971,41.803515999898735],[-70.537289334011788,41.810859061074176],[-70.541029999703241,41.815753999741752],[-70.543167999960914,41.824446000179123],[-70.542064999946049,41.831263000265238],[-70.536263999641449,41.83465900013266],[-70.53314975974034,41.839692597599793],[-70.532550000439201,41.84066199974388],[-70.525566999578714,41.858730000317848],[-70.530494000197308,41.865491999895987],[-70.530977999895967,41.870419999714564],[-70.531324749595626,41.878271126547517],[-70.531439000028413,41.880857999769241],[-70.532972000213604,41.885818000250353],[-70.532084000283874,41.889568000033968],[-70.53428367078412,41.892358639177239],[-70.545948999925912,41.907157999781909],[-70.54741000014107,41.911933999719686],[-70.546385999768916,41.916751000074669],[-70.544916000231254,41.918637000062354],[-70.541932999701572,41.918944999744078],[-70.537869999621549,41.920945999936968],[-70.540067000328776,41.923672999752277],[-70.539189000444807,41.926773000315094],[-70.542179418363787,41.926464335982665],[-70.543974999699756,41.926278999788032],[-70.55294100010893,41.929640999827001],[-70.554613969493474,41.93048640592999],[-70.560774576186105,41.933599561204502],[-70.56597399989775,41.936227000082361],[-70.567767000373934,41.939499000198168],[-70.583571999906923,41.950006999790013],[-70.591592999586652,41.949325999863198],[-70.59807799960646,41.947771999815991],[-70.608166000297061,41.940700999941981],[-70.616490999750397,41.940204000123018],[-70.623944999890782,41.943061000277751],[-70.631573000108418,41.953021999922271],[-70.64554599970549,41.975196999857538],[-70.649360000263471,41.978620000253734],[-70.652506999926359,41.978871000046666],[-70.653008000241783,41.976956000068505],[-70.652900738701916,41.976840101795844],[-70.648685999695701,41.972286000283376],[-70.648313026376243,41.971705518607706],[-70.645934395301722,41.968003512869352],[-70.644004146623189,41.964999350878628],[-70.643954855165234,41.964922634628898],[-70.640131295634305,41.958971799482057],[-70.638465999658933,41.956380000289627],[-70.636934147520691,41.95462490584417],[-70.636383771305674,41.953994320375571],[-70.630576761271826,41.947341034371824],[-70.630336073861102,41.94706527025339],[-70.63032100013065,41.947047999670581],[-70.630573999850625,41.946054999770041],[-70.632011999601261,41.946032999788876],[-70.639756999994759,41.949375999838452],[-70.645356288992204,41.949322620564161],[-70.646785000162794,41.949308999809226],[-70.652377285894275,41.952082048526393],[-70.653202000410545,41.952491000200396],[-70.656510659993671,41.954711732786286],[-70.660164491834792,41.957164140539341],[-70.664481999906172,41.960062000249572],[-70.666616431157223,41.962277820600903],[-70.672698654451381,41.968591969037028],[-70.676256999869423,41.972286000283376],[-70.678821999924338,41.977177999763597],[-70.681356999842052,41.979144999789945],[-70.690986000050017,41.981298000011307],[-70.693457942726354,41.983092825085826],[-70.698980999790479,41.987102999796896],[-70.698836999850428,41.991896999880289],[-70.700025000254115,41.998256000082954],[-70.706443000326786,42.000728999734044],[-70.710034000403695,41.999543999959883],[-70.711020823099489,42.003201158965233],[-70.712204000448409,42.00758599998295],[-70.695809000013242,42.013345999882361],[-70.686798000296562,42.012763999677823],[-70.678797999634909,42.005510000231219],[-70.67093400031402,42.00778600032087],[-70.667512000291509,42.012320000076095],[-70.671665999709802,42.021389999788191],[-70.670755655984038,42.027598180168539],[-70.66936000012096,42.037115999856404],[-70.664373000126218,42.041163999791522],[-70.656053999622358,42.042046999852722],[-70.650874000182085,42.046246999851888],[-70.650367818384098,42.046219743761874],[-70.644337000283741,42.045894999938255],[-70.617787999934009,42.01750699998648],[-70.61555224141388,42.013519635727697],[-70.614222999796382,42.011148999926604],[-70.624205000181774,42.006028000074238],[-70.629856999625147,42.001456000108035],[-70.634426000043447,42.004967999942174],[-70.633949999842372,42.012031999813694],[-70.636386999850799,42.013830000285616],[-70.639654999887512,42.010795999982953],[-70.641198999943356,42.005924999739086],[-70.639136999853662,41.993894999856082],[-70.631918999714827,41.992864000087216],[-70.622542000300271,42.002142000252547],[-70.614046000244372,42.00661199968976],[-70.602703999926177,42.00214400024992],[-70.597891999833607,42.004550000317046],[-70.608470768130246,42.013590155694494],[-70.610983000247074,42.015737000007142],[-70.620276999820973,42.027087000235689],[-70.630860000080901,42.036044999972113],[-70.643208000329608,42.050821000217546],[-70.645904261315522,42.060356952953249],[-70.648190000301454,42.068441000184968],[-70.647703779967401,42.073002564536324],[-70.647349000227422,42.076330999768302],[-70.644008370501666,42.078307730671604],[-70.638479999902628,42.081579000326215],[-70.640168999723414,42.088632999876793],[-70.645093736587498,42.092716498299225],[-70.65202635902854,42.098464897524835],[-70.660224555889641,42.105262686523687],[-70.663931000260348,42.108335999904469],[-70.679464914291728,42.126270755737195],[-70.685315000340083,42.133024999950642],[-70.706264000226653,42.163137000098978],[-70.71143638105498,42.166770602482778],[-70.714300999799889,42.168783000076949],[-70.714761000107444,42.176583999695836],[-70.718642880063229,42.184718633781756],[-70.718707000011577,42.184852999790451],[-70.715950000336022,42.190144999916008],[-70.71589500008443,42.195899000117087],[-70.714285999731274,42.198597999844445],[-70.713450581788422,42.202366751172704],[-70.712992999745595,42.20443100020146],[-70.718089000418615,42.208984999768504],[-70.722268999776176,42.207958999845403],[-70.730559999792646,42.210939999964744],[-70.73377273996465,42.214187917428362],[-70.7391450004353,42.219619000147183],[-70.747229999689111,42.221816000256545],[-70.748784725629434,42.223284828342948],[-70.754488000010909,42.228672999895089],[-70.760157999895952,42.235034999734197],[-70.760682999602494,42.24124100012709],[-70.764756999553157,42.244062000237513],[-70.762773000179592,42.250342999798043],[-70.766338000317234,42.254741999753747],[-70.773943999895266,42.254213999706394],[-70.776307000283822,42.248953000067125],[-70.781461923252948,42.24871801928537],[-70.784820999883053,42.246298999927561],[-70.786724999789001,42.242549999870882],[-70.789041000321902,42.24017000008903],[-70.786616999833967,42.239571999668378],[-70.783353999820122,42.240513999745069],[-70.783941000349273,42.237646999751142],[-70.781972999970918,42.23643200027216],[-70.784513999736404,42.23469300012718],[-70.786770999819751,42.234041000148721],[-70.788679999748567,42.23259700030605],[-70.787883000055459,42.229100000271067],[-70.785523000039944,42.229463999946574],[-70.785557000375121,42.226345000171058],[-70.784814000210375,42.225880999849529],[-70.788936999666532,42.225475000263017],[-70.789141999705947,42.22280799974174],[-70.79137200002512,42.221511999933867],[-70.797111000405437,42.218176000289532],[-70.827014999932189,42.200786000068931],[-70.840800000106583,42.213117999907837],[-70.853380000158893,42.239606999727904],[-70.844663999994978,42.242271000146218],[-70.841151999560779,42.243345999860324],[-70.841241000147562,42.244545999991082],[-70.849276999895892,42.24733100008406],[-70.848226999584483,42.250246000113023],[-70.848937000137255,42.252139999770677],[-70.847290000149272,42.254100999693719],[-70.845698000412867,42.258071999969694],[-70.844752999683436,42.259779000298856],[-70.844627000185042,42.260425999998375],[-70.840626999854237,42.260989000057535],[-70.838644000305564,42.263498000148985],[-70.83623700043438,42.264664000253759],[-70.826985999619865,42.264367999740273],[-70.824660723981665,42.265934646030189],[-70.831074999639156,42.26742399970248],[-70.851092999938302,42.268269999922367],[-70.857337473345851,42.272754900142729],[-70.861806999719462,42.275965000187412],[-70.867559024773101,42.28212117694229],[-70.870872999687748,42.285667999877901],[-70.871852488537556,42.287084475050925],[-70.875858641429772,42.292877923227948],[-70.879297352811506,42.29785077307902],[-70.881241999687433,42.300662999936748],[-70.881899975208853,42.305115085588071],[-70.88268000033635,42.310392999881195],[-70.889455999710989,42.310483999963395],[-70.895862000088101,42.305934000116878],[-70.907555999860492,42.307888999799829],[-70.917489999666984,42.30568600028132],[-70.923920000333524,42.305034999968086],[-70.923444000132463,42.302397999923613],[-70.915588000309185,42.302462999803907],[-70.9103719999856,42.299058000194073],[-70.903953999912929,42.301694999935698],[-70.893259000398317,42.298706999798718],[-70.8915300138693,42.298400019190474],[-70.887316999628396,42.297652000177983],[-70.88684200015058,42.292552999938295],[-70.885141094059023,42.290587319665043],[-70.883039000361549,42.288157999838468],[-70.880481310796412,42.283743367372118],[-70.879653035358359,42.282313746222698],[-70.879473000399017,42.282002999772921],[-70.878284999995316,42.27831099972127],[-70.884702000243081,42.27778300029938],[-70.893972000425848,42.281476000299079],[-70.901520000277571,42.282694000168817],[-70.903238000410667,42.281335000242287],[-70.902059000227823,42.280410000223135],[-70.89016899973852,42.276199999750752],[-70.890157736661479,42.276187632843786],[-70.887334163738558,42.273087374907298],[-70.882800999811877,42.268110000111761],[-70.878760000371486,42.25896300007355],[-70.875529000144681,42.256863000060342],[-70.877752999717771,42.248416999894857],[-70.880922037749514,42.247022156562814],[-70.88357931095382,42.245852564457046],[-70.883994698229387,42.245669733018026],[-70.884268999699714,42.245548999752657],[-70.887217100680601,42.247403921462784],[-70.890023999973565,42.249170000176598],[-70.891115259007663,42.250804000272119],[-70.892856999817113,42.253411999695984],[-70.897893000215646,42.256000999878665],[-70.898366999868571,42.257231999679],[-70.896750999842723,42.257557000073774],[-70.895878999806527,42.259846000135056],[-70.893860000272866,42.26108499993321],[-70.893784000104873,42.262316000212294],[-70.89587299995874,42.262656999791602],[-70.899817000213076,42.261149999897633],[-70.903881000118005,42.262424999919602],[-70.906850162100724,42.26232790446749],[-70.907519999875475,42.262305999997913],[-70.908285908876621,42.264715330357483],[-70.908990000311462,42.264398999917582],[-70.917390000107886,42.26389899978706],[-70.918190999998956,42.260099999840008],[-70.917081000311384,42.255599999877496],[-70.919319999953089,42.254703000075203],[-70.93243499975766,42.252644000225196],[-70.93349099991687,42.249999999955087],[-70.931191000175815,42.248600000252338],[-70.93101899974836,42.247041000116631],[-70.931109999984955,42.246392999939587],[-70.931289999910021,42.244299000040797],[-70.929591000043473,42.242700000035278],[-70.925789999904282,42.236800000072478],[-70.922389999623093,42.229299999804347],[-70.92375100027914,42.228055000303243],[-70.923490000163213,42.225900000052981],[-70.922090000047433,42.225299999830959],[-70.920489999915091,42.225799999968508],[-70.916333999948677,42.225718000180166],[-70.914744999686988,42.225115000120091],[-70.91626399962847,42.214996000043143],[-70.916996999747482,42.210117999821136],[-70.918684999743377,42.198859000160937],[-70.919458000045353,42.193702999907856],[-70.921167999782526,42.182300999946399],[-70.921366999974168,42.180980000299108],[-70.923323999583545,42.167936000204982],[-70.924876999860217,42.157580000312024],[-70.928462000089354,42.156183999921986],[-70.934566000342656,42.153792000323463],[-70.940767999606933,42.1513649999007],[-70.948963000262239,42.148156000295295],[-70.954644999842841,42.145938999952577],[-70.970875000421586,42.13958000024563],[-70.977437000434293,42.137010999787982],[-70.981270000360524,42.13551100005408],[-71.00215200029993,42.127304000271153],[-71.001974000024717,42.126525999706189],[-71.002029000276295,42.126506000230236],[-71.016723000296793,42.12075299993645],[-71.021859000254452,42.118745000131895],[-71.025533999996952,42.117292999906262],[-71.034188000236583,42.113872000251014],[-71.041055999672736,42.111169000284697],[-71.044305000341183,42.109878000094241],[-71.057765999752178,42.104570000107906],[-71.061256000445056,42.103194000148008],[-71.067005999797715,42.100905000209558],[-71.079343000175754,42.095993000198767]]],[[[-70.883352000356012,42.340491000061164],[-70.883465000333899,42.340035000187775],[-70.882656000046921,42.340237999721488],[-70.881681000078572,42.340526999840442],[-70.880620999721401,42.34116300006751],[-70.880089000342153,42.340960000200184],[-70.878874000174292,42.341032999832187],[-70.877095999766738,42.341162000102472],[-70.876049999653262,42.341228999716357],[-70.875263999830807,42.341764000077731],[-70.874385999946853,42.342675000049368],[-70.873953000301796,42.343633999873326],[-70.875199000431792,42.343666000144225],[-70.875988999553911,42.343505999954836],[-70.877166000086945,42.343304000279552],[-70.877582999838452,42.342870000188903],[-70.878633999974781,42.342742999982804],[-70.880207000342935,42.342307000109869],[-70.881583000169272,42.341470999828132],[-70.883352000356012,42.340491000061164]]],[[[-70.891754999627153,42.33885599992589],[-70.891804000030959,42.338128999790634],[-70.89101800020849,42.338057000121786],[-70.889543999574556,42.338310999950998],[-70.887529000238828,42.338202000053258],[-70.885955999870689,42.3384559999608],[-70.88477699968783,42.339328000290656],[-70.886251000321778,42.339946000313134],[-70.888609999614076,42.339655000201816],[-70.891754999627153,42.33885599992589]]],[[[-70.89229600012554,42.328394000299582],[-70.892491999944127,42.328029999831479],[-70.891952000168956,42.327230999958637],[-70.890769999613042,42.327606999912817],[-70.889151000112463,42.327739999881395],[-70.888775000368824,42.328461000234668],[-70.88895399957066,42.328901999949665],[-70.891110000270004,42.328445000216973],[-70.89229600012554,42.328394000299582]]],[[[-70.898407000051549,42.340265999811798],[-70.897354000265381,42.339491999790596],[-70.896714000032787,42.33847500011133],[-70.895155999733262,42.338878999961103],[-70.894605000087452,42.340309000234477],[-70.894605000087452,42.342379000224213],[-70.895600000147269,42.343892000099714],[-70.897210000325344,42.343324000223745],[-70.898407000051549,42.340265999811798]]],[[[-70.898438999838575,42.331190999776489],[-70.898586000151681,42.330500999696646],[-70.897853000032683,42.330678000023141],[-70.897554000281929,42.330246000061521],[-70.896079999647995,42.330354999802864],[-70.895692000208783,42.331945000126765],[-70.895012999618118,42.333806999751843],[-70.893967000402981,42.334497000087275],[-70.894065000312281,42.334980000001416],[-70.894600999889491,42.33509599993841],[-70.8960310001425,42.334714999920749],[-70.897063000012238,42.333952000185924],[-70.897258999830839,42.332643999880709],[-70.898438999838575,42.331190999776489]]],[[[-70.9510799997052,42.289725999900519],[-70.949020000163657,42.285946000171641],[-70.942561000083117,42.287522000031764],[-70.937332000239039,42.284916000327541],[-70.935311000157228,42.29192700015254],[-70.930003999597048,42.296810999732465],[-70.926637999651035,42.299204000287737],[-70.926379999908178,42.301406000128829],[-70.929356999691748,42.303321000173469],[-70.93527199979917,42.302100999984653],[-70.935700000319656,42.296523000111186],[-70.941653999886825,42.292214000113347],[-70.948640000222042,42.291636999949695],[-70.9510799997052,42.289725999900519]]]]},"properties":{"NAME":"Plymouth County","GEOID":"25023","BASENAME":"Plymouth"}}]}